path,sha256,price,availability,aggregateRating,reviewRating,datePublished,dateModified,priceValidUntil,citation,amazon_image_unsplash_fallback,invalid_jsonld
analytics.html,c9ba7900d7b25dac6e2f03561cfe97121b4022a6158b0320be1057e0c527075a,0,0,0,0,0,0,0,0,0,0
casa-inteligente/index.html,4f63fb88d09bd99be57f6d58145fcc8810e1d81e2f9e9fecf9c42b1f56c6d7dc,0,0,0,0,0,0,0,0,0,0
categoria/acessorios-console.html,a12d782988e2d2a7959b7ab0669fc9d5e1b3bb5855776051eeecaa67a452d6e3,0,0,0,0,0,0,0,0,20,0
categoria/armazenamento.html,24634140592fe099a0b9dc2f4970016b03d15a93921b0b26a0d98af133eadb9b,0,0,0,0,0,0,0,0,20,0
categoria/cadeiras-gamer.html,4b8cf698b3d913ac6048d33c643be862cdb8dbd6c19d8b611cc7470281744d5b,0,0,0,0,0,0,0,0,19,0
categoria/consoles.html,968946a4fad5d117e09125b7ec93d0a868b2be870bee3e105332107cc35d5bbc,0,0,0,0,0,0,0,0,20,0
categoria/controles.html,4fb2dedaccfd873703e2991934cf22045e9ded17e30feb951a8802d067cac47c,0,0,0,0,0,0,0,0,20,0
categoria/coolers.html,3369f4bab548c3a2c85af6560f5e0c720b05febdad0dc8571363af9baa7975cb,0,0,0,0,0,0,0,0,20,0
categoria/fontes.html,c45ec0ada28bea08923a301b2fcc1cd9e7339bca120fe19edc14c8a8f654eaad,0,0,0,0,0,0,0,0,20,0
categoria/gabinetes.html,f68388d444ce3e38f83e469799139fdec96d9effa384b751231b7b9b6a3c7bae,0,0,0,0,0,0,0,0,20,0
categoria/headsets-gamer.html,832cc313d9dcdb2b46f9c29cd2ef8690241fcc295a7cf05ab0c47d5ceae0cc41,0,0,0,0,0,0,0,0,20,0
categoria/jogos-pc.html,8af867856796dd023261465ab26fe862425af711039260502a510b1e0c58e762,0,0,0,0,0,0,0,0,20,0
categoria/jogos-ps5.html,8fd75f362a2bfc30a24a4fcb5dc9d9665c311eeb912cf042d692baa91529c620,0,0,0,0,0,0,0,0,20,0
categoria/jogos-switch.html,a7d9cc060ec668c79f0621d3b7f0603955fcfae1bbbca05203a70594e09c07a2,0,0,0,0,0,0,0,0,20,0
categoria/jogos-xbox.html,d8e4e9c5ee8dec7d773cd48bd9d82fb153e89f7bfd318514cc2ece5a2c5a4d29,0,0,0,0,0,0,0,0,20,0
categoria/memoria-ram.html,72d6347c69f22eb35e9786b9f0129af976d1c52ab2a0985b1d16e8ffe5e495be,0,0,0,0,0,0,0,0,20,0
categoria/monitores-gamer.html,9f2c4f97b86c9658aedbe70680ffd68fce9626415dc03dc8d1b78196b9454654,0,0,0,0,0,0,0,0,20,0
categoria/mouses-gamer.html,cf0d7dd8ee7b4c65351dfe40327bcfbb53f8b80a42ef9ca22e6d7baf32793897,0,0,0,0,0,0,0,0,20,0
categoria/notebooks-gamer.html,df73faece4cd252aaeca8cb198ad88d86c127c016ed60d3b83a1d496d10b0614,0,0,0,0,0,0,0,0,20,0
categoria/perifericos.html,1ec5c97d309a388b6554b93ffff9a4e390d09fd2bc2b214f85e386d865d4a9af,0,0,0,0,0,0,0,0,20,0
categoria/placas-de-video.html,14976e5f906ae338be92dc3306c58bdadbb228e92315ae0652ff7b0517c711b6,0,0,0,0,0,0,0,0,20,0
categoria/placas-mae.html,45fb31195056162008f03c77e1517764ae2f80503bb33e0eff45c03142b17804,0,0,0,0,0,0,0,0,20,0
categoria/processadores.html,aa85bc1e93e9c3cd7baf6a78c9ea2df59552bb6b4b046e04390fa3bf2e029146,0,0,0,0,0,0,0,0,20,0
categoria/streaming.html,82a6d2b14a7fa70bf4cc64a13e78e9bd4d38e881c2b71f6e0c25a76c4b12a2b7,0,0,0,0,0,0,0,0,20,0
categoria/teclados-mecanicos.html,1683084d888f8f7cf2647f60e7da8c079fdf767d3b1af16cbe7e0f524d89137f,0,0,0,0,0,0,0,0,20,0
comparativos/index.html,4cad787c807e636961dccc5c5fbbfcbe14bb7d521277891bf0e6656db05072b7,0,0,0,0,0,0,0,0,0,0
creator-streaming/index.html,cfcfcaf3aceda877ba55a3a5152786528e3fdcb24bbd5ae25a10338c8fda49b7,0,0,0,0,0,0,0,0,0,0
ferramentas.html,0f8b5fd9edbaada99ecb89e8f4a6a2c9a3814f15e6f747e27e1f4d80d45e3cd6,0,0,0,0,0,0,0,0,0,0
guia/como-montar-setup-gamer.html,7acc464d577aded2a890dbc055321370410b3aa2b54394b5a7ade33898e68cfc,0,0,0,0,0,0,0,0,0,0
guia/havit-h2002d-quando-faz-sentido.html,ace8d02c8449198361e4e9e3cb311ae7ee8dffe683cf71ca8f68596137dd55af,0,0,0,0,0,0,0,0,0,0
guia/headset-gamer-com-ou-sem-fio.html,0c34c00d030e65c997054736578ed3ab5c11ae8836e8b4103fc8f994776d41f0,0,0,0,0,0,0,0,0,0,0
guia/headset-gamer-para-fps.html,d2ef0ef6a91703b73335139f992f4dfee599a51711348cbb7b727cbf7f70d427,0,0,0,0,0,0,0,0,0,0
guia/melhor-headset-gamer-custo-beneficio.html,ea468a520f5aea8e2897887be07e1bb9c6122610b505269c65f3158003911333,0,0,0,0,0,0,0,0,0,0
guia/melhor-notebook-gamer-custo-beneficio.html,737014d7067369f1acdf9c93ef3bd9243de48ef4f10367ff6e851b1ed1a31a81,0,0,0,0,0,0,0,0,0,0
guia/melhor-webcam-para-stream.html,4ab4774c5af33c910410edb16d0c25a2d95a8e39bf0d202b2aeeb8d25c6e5b8d,0,0,0,0,0,0,0,0,0,0
guia/notebook-gamer-ou-pc-gamer.html,d3d6a4f862dafe7879793bd1678e39bdb70c2c562309a0dfc5e33b546e8755db,0,0,0,0,0,0,0,0,0,0
guia/notebook-gamer-para-estudo-e-jogos.html,7a455ad2b0fd231750ce876ee3845ca7cb75a982de907aabe7cbe589606d968a,0,0,0,0,0,0,0,0,0,0
guia/setup-gamer-custo-beneficio.html,6bae9333ea00f3a3b103fe13bea79648581b299f7b38062901ce7b0a03bbe38c,0,0,0,0,0,0,0,0,0,0
guia/setup-gamer-home-office-e-jogos.html,0fbdce78bbbd3dade421f6d2e120c81f35d099b7ca98e310ad974543dd386fe6,0,0,0,0,0,0,0,0,0,0
guia/setup-streaming-iniciante.html,80c94d5eeb90c3dae1e306fc00301d147ac4fe26f893889127b16bb34fca18b6,0,0,0,0,0,0,0,0,0,0
guia/smart-plug-max-quando-faz-sentido.html,0af3bf5ae34559f8cc8ad49e1773059e702e00aa659f388fb75107cf49b3ba24,0,0,0,0,0,0,0,0,0,0
guia/webcam-1080p-ou-4k-para-streaming.html,55e48086ef308fe157be0d08cf49477033da0277a85ab01527ea319e16dab306,0,0,0,0,0,0,0,0,0,0
guias/acessorios-essenciais-ps5-2026.html,e219e1290e207f776f5ea85921c50c62f519ce79047ab887523ea1f497a01f3c,0,0,0,0,0,0,0,0,0,0
guias/cadeira-gamer-vale-a-pena.html,79654708ec20fcd5e1b25c611ba5d922e1e43ff8f159ca7d07697b4c333081fa,0,0,0,0,0,0,0,0,0,0
guias/como-escolher-placa-de-video-2026.html,79f9bc0aca36eb883ff59f6e743de741fa1b0cdced092ecf50ecd0759312fbcd,0,0,0,0,0,0,0,0,0,0
guias/como-montar-pc-gamer-2026.html,1059b97790a1d9edf05a70a2028da1a7c5261da927da4fef617e82f184eeee8f,0,0,0,0,0,0,0,0,0,0
guias/index.html,599e1e9758ba49c61058bb4c5516f371f5c80cbf5759f1446773bcbbddf4cf2c,0,0,0,0,0,0,0,0,0,0
guias/melhor-headset-gamer-2026.html,17b9cf8533b20eac02d96f9586c643a30c5fb341936b636bc48a5813cbae7363,0,0,0,0,0,0,0,0,0,0
guias/melhor-monitor-gamer-2026.html,916f7e5acfcafee61ea10e1b053e9757962348991a46bd2abca6a821d69b03c1,0,0,0,0,0,0,0,0,0,0
guias/melhor-mouse-gamer-2026.html,e94f47dd7bc99350d7a7c2e9427b98c9d98cb3c78c892635ffbb4177aba9f16b,0,0,0,0,0,0,0,0,0,0
guias/melhor-teclado-mecanico-2026.html,6809cbe3e8c161c9718c2e89f6a923c16edcaace55a10a0fa773d946b0d22fae,0,0,0,0,0,0,0,0,0,0
guias/setup-gamer-completo-3000-reais.html,f90ea68772dc41037ed374499222a9209872d37851e75f4a9d70a523beedaad4,0,0,0,0,0,0,0,0,0,0
guias/ssd-vs-hd-gamer-2026.html,a05de53ba4608c01e3da378ba3b4f2daa66d277339edb841aacc65ad2ddd22cb,0,0,0,0,0,0,0,0,0,0
index.html,3c84b8d53198593cc4686d021b751747bc2af65acbb2913536656bfa0b2013b6,0,0,0,0,0,0,0,0,0,0
metodologia.html,78e12ae59396c8e72998c74e1277f5b4fd93d64176b284383a55be3e0e9fc834,0,0,0,0,0,0,0,0,0,0
monte-seu-setup.html,da9efd8af88859abc297eeaaff548b8d0fa79c00aeccff404d0c95f6af95deb1,0,0,0,0,0,0,0,0,199,0
politica-de-privacidade.html,91359161f48288463fe8abe7024228ab8cf908cfbf71019af57bc97e3b55e332,0,0,0,0,0,0,0,0,0,0
recomendados/index.html,fdba334e40f00a91ea5d9cb0cd7e8b23ab6756abd58d98b0cd4f2cfe76dea9a8,0,0,0,0,0,0,0,0,0,0
review/1506720080.html,1dca1de26f0de5b608b085e0ae8bdb7231a19caffb443b5a7e162e56b6ec76d4,1,1,1,1,0,0,0,0,5,0
review/1506720099.html,40378a6eea121002655d07fc66b6a2a7d68f331e37860eb7673542b2beadf6c6,1,1,1,1,0,0,0,0,5,0
review/1913330036.html,d9ba15a720c8680d92468f8f33dce4a1217f4b00a158a4337f5edf89e2e51842,1,1,1,1,0,0,0,0,5,0
review/9354717276.html,8c3752b8c13bdfa17c09e392f3652566038b08983494b24e3bf7c46e04babec7,1,1,1,1,0,0,0,0,5,0
review/B000UXZQ42.html,86f252760195ac04f380ec942ae9c577dfe3b959dbeebf65afa9bab037aca234,1,1,1,1,0,0,0,0,5,0
review/B003O6EBRA.html,41f31105eb19e0ea68cfc38596877e261c5575aa9ea19604b3459b057c5444cb,1,1,1,1,0,0,0,0,5,0
review/B003VAHYQY.html,fa0f72c263098bc2316d399e2ae7f9aca93369124246fe531d1ff0b0813e7118,1,1,1,1,0,0,0,0,5,0
review/B0050SWALO.html,cee57858c0e12b3845f3465e7c34f5f8f4634f8106863ffd934bd4c1af6026f6,1,1,1,1,0,0,0,0,5,0
review/B007RMH1WY.html,3a007cca1377841eeea95b431c0f5a1389d6aa228eef75dfc11b24834d15af87,1,1,1,1,0,0,0,0,5,0
review/B007VU27T4.html,63f44d095b79fab1c458cc2186b39dca18f79a664a326a12af4cc04b812424f9,1,1,1,1,0,0,0,0,5,0
review/B007XVTR5S.html,f3576a10cbe9a5b50b49971ee97ff9c60c067048881f76ae471f8d56798843a2,1,1,1,1,0,0,0,0,5,0
review/B0088PUEPK.html,9930e3585fa1861360ccf9d26f312a03f6a6c496bb69217cbff17af14459461a,1,1,1,1,0,0,0,0,5,0
review/B00995248I.html,134526b6e4b9e5a1d3b0a1590d1af91c9675196041b44c1ff36862880123b684,1,1,1,1,0,0,0,0,5,0
review/B00BGA9V2Q.html,6f7c5338e30ac54459665e2f8fa471ced4e0d4943c3567baa93ae57cd96793f9,1,1,1,1,0,0,0,0,5,0
review/B00BMFIXZG.html,c297a0afcc425a34512da3e122cf42f720e0d5651ce4c33f72c0ee48cb4082b5,1,1,1,1,0,0,0,0,5,0
review/B00ELBQIKA.html,42fbe897994b00bd8343e5a2ed6b9051141fdfe67a5c15d987bafc1efcbd54ae,1,1,1,1,0,0,0,0,5,0
review/B00ELBQK1W.html,09c353cfd4575574cc0e0815ba9acd904020f86d0dfc0b3da055ae77816b432c,1,1,1,1,0,0,0,0,5,0
review/B00EUQ1TVE.html,3890176be56d383fe0028f1217b4ebf236b7b12da3b935a668405243406b7e83,1,1,1,1,0,0,0,0,5,0
review/B00KAEITQ8.html,f22a98c42fb21fdb4ae8f767dcfefdd98b26275e01f5a7c1bd0c32cba4f48309,1,1,1,1,0,0,0,0,5,0
review/B00LI4O9EA.html,9908219520cc62897837f069249c888aae7a27da42b9f8f97f6eb3c0da901219,1,1,1,1,0,0,0,0,5,0
review/B00RLAKUQ6.html,e6c610c4e5fb3aaf3d70e5d62469b2ef642dd10a51da93414f69974ee19d993f,1,1,1,1,0,0,0,0,5,0
review/B00V4BGD00.html,f971c1b765acac2d8f25592301271fb5cf5ede8c083a2b02704c29f7522abbd7,1,1,1,1,0,0,0,0,5,0
review/B00Z0DOXEQ.html,17a050b719499e4d5e4a7c298f6f64f11e555c9aadfa39f7ed1e24fd4a14d1e1,1,1,1,1,0,0,0,0,5,0
review/B0140Z6T3W.html,7e52d48d466e91deb3f285ff1743e20191ad40a3b1ca58753479d8e6045a4c45,1,1,1,1,0,0,0,0,5,0
review/B0143UM4TC.html,1c54fb83dfe41a1fd6caba9ee39b6e77aa9a114e33ee0ecb6955dcafe703b2e0,1,1,1,1,0,0,0,0,5,0
review/B014W3EM2W.html,a58cfaa5c2252d22ff67346d5b9405fcc0733f2542d4585efc84e8f413e15b13,1,1,1,1,0,0,0,0,5,0
review/B017RBNOI4.html,fd76aef72fa49c396c2cfdae6c119d4e1150469a57dceb195a19ee8b54198d26,1,1,1,1,0,0,0,0,5,0
review/B019FRBHZ0.html,e3560fd1103d312b160470e3ca3a606c5d8ad1b3344bc4ab0bddef0c5f4b0573,1,1,1,1,0,0,0,0,5,0
review/B01BGZES1Y.html,2067f728216b4f2e164f6370d611b32ffa428b2ba422a8947b7a16a091532734,1,1,1,1,0,0,0,0,5,0
review/B01D2BAEMM.html,d6c8e620e74f5ff148bd9de58f7241ee608fe494008fb463724259850881c375,1,1,1,1,0,0,0,0,5,0
review/B01EMXO3DK.html,617ec2c41712e33784a229e79c5ce5cb2572a23d1d372e8d12024d8fc6a5d4ad,1,1,1,1,0,0,0,0,5,0
review/B01F9G43WU.html,af966f0289d28dde2a0d87fa635fc00c1509508be3599c6ab7120b6bd39def1d,1,1,1,1,0,0,0,0,5,0
review/B01FYDU8X6.html,f3160ec710135f8d1396f2deb15269710cf7974f30c5ee09a1ff0ed628b8cb8f,1,1,1,1,0,0,0,0,5,0
review/B01IE03EQO.html,94cae2e2f1a39c6ddd96b047ab0393e968db868b7dcf45af41c3030be59dd36d,1,1,1,1,0,0,0,0,5,0
review/B01IEKG484.html,e32caf3968a6e79b0ce8a7f48f02334253c4430cd0ce5eceabdf1b2546c56d0e,1,1,1,1,0,0,0,0,5,0
review/B01M275W1G.html,3b4775f5444abc9e51c723a0bf56aaff0970e2608b74e58b77dfe23406635f99,1,1,1,1,0,0,0,0,5,0
review/B01MS6MO77.html,9e46fe6e3c6f57921c21c7bdb849839d18d3f655db3e17c71dd66019248129de,1,1,1,1,0,0,0,0,5,0
review/B01MS7YUA7.html,ee57a31f4e332919536f1c3f1626525e9c58a48b9a70fddfd746456122b4d155,1,1,1,1,0,0,0,0,5,0
review/B01MTTMPKT.html,749e97f65f4c96bea75c94484bb4c29581519a86f6a92ec911086d16acfba3f6,1,1,1,1,0,0,0,0,5,0
review/B01N0TQPQB.html,2edc299dbe8e34708f2e07f913e65d538599c9effd640978a790516edab45f3d,1,1,1,1,0,0,0,0,5,0
review/B01N1037CV.html,12a9be37c564c83d84e7784eb705f4fee12bec1b074fca49686dcdfad68b95df,1,1,1,1,0,0,0,0,5,0
review/B01N1081RO.html,c8652dd72a18f57c6c684c801a82cda8b3fba779fbd3a01ac1c6ef3723da4c10,1,1,1,1,0,0,0,0,5,0
review/B01N5IB20Q.html,0e4510ee61ce14dda82a47772fb3251f8ab74d80be75092778804a7586903127,1,1,1,1,0,0,0,0,5,0
review/B06XNRXCV6.html,1697a31463cf1c6d6ae526371f035005e6812666787c903beb0c96d8bb4ad1fe,1,1,1,1,0,0,0,0,5,0
review/B06XR3LT6W.html,fb10fc41cfa8ff095ded7429e03e979e2e029cd0b748a9a81bd20f67c2cf86a4,1,1,1,1,0,0,0,0,5,0
review/B06XZ47JQ5.html,3a6c9d8e4502aa75e3137868edb7d9566e3d07329ebe576eeb53dae835c89c5d,1,1,1,1,0,0,0,0,5,0
review/B0716JTSRW.html,ca9c422154020b283634d150a0af537d7cf42e285b54c9364af0f8c25d8c56f6,1,1,1,1,0,0,0,0,5,0
review/B071KNKBQ1.html,a63fbc5d1cc6c50fb90e24112a0a1732199e4bed0506283bf1c0e0c47f2d40b6,1,1,1,1,0,0,0,0,5,0
review/B071LGVBDM.html,765a79297db66f676569e89da106989bd976f02e9ce3fd72030983ba122b254b,1,1,1,1,0,0,0,0,5,0
review/B074PNTC8L.html,2a8ba6810de2a3318ddce6c701793b0ae6301278882be3fbd3b731ae681082b5,1,1,1,1,0,0,0,0,5,0
review/B0752LG35V.html,aa48b3659ba0941f897f65c68ef2cd4330cca8faa4d53aca17389e19b745e4d7,1,1,1,1,0,0,0,0,5,0
review/B07667D92G.html,992b308916e2be45152381065eb7fcb558ea80e1f4b471153371ae1ccc60acc0,1,1,1,1,0,0,0,0,5,0
review/B0785GRMPG.html,d2167262270e5ff15d54f16bd082f1389ed02ad4d5ed02e07addd97d43c052a3,1,1,1,1,0,0,0,0,5,0
review/B078NPVF7C.html,6e53afd9cd7e32e75b29ef86ee627247dfaf258f04a98535d092684eff810aa7,1,1,1,1,0,0,0,0,5,0
review/B078NQFC84.html,e07a1b688174a55a55426b56073ff5625745ae867e278b7535d37b3163b9ff13,1,1,1,1,0,0,0,0,5,0
review/B078XY4KBR.html,79f0bbfadd20c0d5bb6b35f5ed13ee2f968d9c978ab2cc5ddc4bea4e1dc02840,1,1,1,1,0,0,0,0,5,0
review/B078XY5CMG.html,70c6f3ed2f59336baea266499e7a3b39456534c7528b2068bf2e82c19802758c,1,1,1,1,0,0,0,0,5,0
review/B078XYC3V1.html,e440443e9fe5c71eba9bda5ababf6059935460db3b6ba2ec192363c6323b3abb,1,1,1,1,0,0,0,0,5,0
review/B07B915QRW.html,5ca8d65720b0ab3a37534e6069effa7e3181c16d577a9b66a8e4d0344e53460a,1,1,1,1,0,0,0,0,5,0
review/B07BHGT42W.html,8dbc0e89377b19d0796e6b47cc3dfeb94e5cb9d24ca997e3d13d9f9b38ec7822,1,1,1,1,0,0,0,0,5,0
review/B07BZCHM16.html,0159c4e98d4ef6e59fe32d9b3aba8517ca6a466c55a190b89c4f0e42b2ba2250,1,1,1,1,0,0,0,0,5,0
review/B07C2YX4T1.html,a680fc49bcc4c632cebf8a5b4d915ddb41eb241a4586a115c47378e3a5aed275,1,1,1,1,0,0,0,0,5,0
review/B07CMDCNH7.html,195b3981dafd98e0fd64b18c02da6bac998e8b835d070af2ab7137a46332adb2,1,1,1,1,0,0,0,0,5,0
review/B07D13QGXM.html,7e8964ab96c5f5e58002e006b79968f0e5b70a54487dd789272277d9d07bbfec,1,1,1,1,0,0,0,0,5,0
review/B07D998212.html,16de869c07acae0fe54e7de42efb123c6a39074a3f04bc770332ed6ca478be38,1,1,1,1,0,0,0,0,5,0
review/B07D99KFPK.html,5405863b4843cd0cfca4666a70a992346a1dd021469d277edd8a4f59624a254e,1,1,1,1,0,0,0,0,5,0
review/B07DGBNNPY.html,60a47ba1dd81a5fa9eb96af93254a1457da9b24a3fc0e8016ff858fe829c6c48,1,1,1,1,0,0,0,0,5,0
review/B07F2L8BSW.html,cef4f1e39cab2bce4d9058ed3d1e11b126fb7e829f64c60fe6cceaf329244e33,1,1,1,1,0,0,0,0,5,0
review/B07F6HBK1N.html,703466d694cc1104c419a6e8cdcec649e80fc26e32a0570df6745f08a1276f75,1,1,1,1,0,0,0,0,5,0
review/B07F72RJYN.html,a3c2d9c27b59f1c8cff26474a823455011451139204d25ee18cd88af452d9b65,1,1,1,1,0,0,0,0,5,0
review/B07FJPLFKM.html,cb8c150594721c8cc6c3ae036baa5f87898574c40a0d72e9f4224d2762b36909,1,1,1,1,0,0,0,0,5,0
review/B07FKT5CTH.html,7d540162765ee863126a1b71d559cff1c5b1a04f900c5877febe9919025c7123,1,1,1,1,0,0,0,0,5,0
review/B07G7Z87XG.html,7f84f4f2982e6386d94e4246a118418ae6072877ba9e24f148b567bd35207e02,1,1,1,1,0,0,0,0,5,0
review/B07H5SD5X9.html,9b603859807cc43b6e10297b67bb888338a75ca0af5e3044b72b585c972a90ed,1,1,1,1,0,0,0,0,5,0
review/B07H81KZPZ.html,ae92a4aa11875a3030f9edbd693315a13ae8881cb9bc6669f4b46e7673f3b18c,1,1,1,1,0,0,0,0,5,0
review/B07HRGG2ZV.html,722a4d57b163e3c8bdce326d0b45c6c360e560e7ffd74d5595b3a88e8de37174,1,1,1,1,0,0,0,0,5,0
review/B07JM7DR7K.html,92c54c38d97cd3d9e36ca00c58761146c9574e182bedfa814edc00c773275b35,1,1,1,1,0,0,0,0,5,0
review/B07K11FVBY.html,152f17fa564884c915db0569e2883eea9edc58637bcedf1f67ef4f2817204843,1,1,1,1,0,0,0,0,5,0
review/B07K2676W7.html,4bcb8f0aa06317a366d1919faddf801691e4bcf14d56acdd67cfe3b07e836672,1,1,1,1,0,0,0,0,5,0
review/B07KGLTT7V.html,936084512cdda89213480440769b5136a8a20e58ad33d1c5d18b62dab6acddd3,1,1,1,1,0,0,0,0,5,0
review/B07KGMBNQH.html,941cbaf21a1ab55acb1b1a84a59c268f66c071135a99d6a2a497661b557ef839,1,1,1,1,0,0,0,0,5,0
review/B07KQXG3S7.html,9d8e000b2118347b5f93712177d35d2dc265960146a37e9ea2ffc24723fe8e68,1,1,1,1,0,0,0,0,5,0
review/B07M6Y7355.html,030e498ee1adb804a788e3d7dfb0cf5277077b8ea6b298865c58e9a4fd7fcc9f,1,1,1,1,0,0,0,0,5,0
review/B07MP4HT95.html,cc8af37dae892d58767855830bc08cf4af3e3361e73604c5b41332d0f2fe6baf,1,1,1,1,0,0,0,0,5,0
review/B07MV9BMNY.html,19eeda5f5977a60a51a41f24df8f70011111a062fd56c7d53dcbd533f31dfb50,1,1,1,1,0,0,0,0,5,0
review/B07MW1JRBB.html,0a8da1cf2ce745a6fa7714f4c865a1452e59b34d204d7c91428aa15455387818,1,1,1,1,0,0,0,0,5,0
review/B07N1V7S6Z.html,0ad1acecbdd0d8e1036ac9d8171d0a787d06bbe6e04a9b253460a299beebac98,1,1,1,1,0,0,0,0,5,0
review/B07N22YS84.html,b85b67b5194766d436280c3bd399c8f33ae4c6e10ae81379570cb0fce5a2d24a,1,1,1,1,0,0,0,0,5,0
review/B07N78G8GB.html,db6e0027d7a7e0b5196372e440ae2661796f3607e64df148f97b1436e852d405,1,1,1,1,0,0,0,0,5,0
review/B07P2448N4.html,14f66ea3661396c3e3badb786535edd37eacd5b188ca427f88d455a6bb1660ad,1,1,1,1,0,0,0,0,5,0
review/B07PBCXF63.html,34f39473e97dc32fb4bca1262387fb35dec3aa0f9e39cac7fc95413c0b36797c,1,1,1,1,0,0,0,0,5,0
review/B07RT744F8.html,2a6cc43225a2f71ba89161bfafb2ffdd49ef7f4d8bd16707168416110f786e9d,1,1,1,1,0,0,0,0,5,0
review/B07RXW4Y2K.html,b93216bb04517055c9d27b74532d5463306f0ba81ccaeab549e3dae089f8d5c5,1,1,1,1,0,0,0,0,5,0
review/B07SD54BJJ.html,5f691bac0a640ab71202f98a045f60660b3eab06540ccf033cb59f135a1bba45,1,1,1,1,0,0,0,0,5,0
review/B07SL6ZXBL.html,8098755cc42dbd33417c0c9cac1a707a0d266164873705f84657afe71aa1207a,1,1,1,1,0,0,0,0,5,0
review/B07TV9B7Z3.html,73be5469e6b6e61d55f69aa743cb17c6e414919ac6ff09a8638a93e4d1b32d51,1,1,1,1,0,0,0,0,5,0
review/B07V4GCFP9.html,56ce6dc506152d41afdd7f586b2203bf1fc7e9d660585a9a77b114002a1ac7c1,1,1,1,1,0,0,0,0,5,0
review/B07VDH1W16.html,897ba27645f2558e4ee7d128a38e8cb3980945c05c49c8447130262805d63d7d,1,1,1,1,0,0,0,0,5,0
review/B07VQ8Q3L4.html,ff34e5e2ded2f4a6cce08ceab81ad56349a78c2363fe766eea50e7f0d07bef94,1,1,1,1,0,0,0,0,5,0
review/B07WCQRLF9.html,ac22b5a98f51d31d70a242106ca9406d4d36e31f38e791a717f8ae4d461f88f3,1,1,1,1,0,0,0,0,5,0
review/B07WCQRMVK.html,2b0119d313788b1d47773fc8b30ec43425f5bd64f9752287e8c9803b61093cd2,1,1,1,1,0,0,0,0,5,0
review/B07WXYTP3M.html,45a0dc7747e3c4bfaab066661cd995499564794d4d425ea08ee17283228d0fe3,1,1,1,1,0,0,0,0,5,0
review/B07Y2G7VX5.html,c2191403ad5bc6f69673a8ec3a0b86cfc67d7346bd15ddcbf84fc599fbdc6f7f,1,1,1,1,0,0,0,0,5,0
review/B07Y693ND1.html,459595e86422d7dcbc850f4530220c2117728098c0a13e0ceb122e22b84bf06b,1,1,1,1,0,0,0,0,5,0
review/B07YD579WM.html,d8735fcc5c45b8ddd7d6846f9c50e56c5af45e45af654a57df29a4fc6dcf8ee0,1,1,1,1,0,0,0,0,5,0
review/B07Z321B4J.html,5af7244ec158e9fef3c1a4cc125e9428dc75d175cfd2f510fbb1a4e127c530d9,1,1,1,1,0,0,0,0,5,0
review/B07Z88GSV9.html,5d29632d78f8642b30094461aed6ba680d990236d9f13a4afc0df5776cf77231,1,1,1,1,0,0,0,0,5,0
review/B07Z8PG63B.html,6eb5ffacb9a473b83ec935dc0df4c26032ab177a7bf1e741a8b4d37b1b2b79ef,1,1,1,1,0,0,0,0,5,0
review/B07ZC1K3Y4.html,335ccc2ee5e166469cb6b959c303990be055a2df70a9b8c7d061eb1fe3145e3f,1,1,1,1,0,0,0,0,5,0
review/B07ZGFHZVZ.html,f2077ab61d3cfe0ae757cc91e40b43260513fa65e6db36f7ba3bb4bf98aeef23,1,1,1,1,0,0,0,0,5,0
review/B07ZNQGP5N.html,c973bb9804e413ee48881ffb532e78afa80bae6c12ba18d65339299f31dd7561,1,1,1,1,0,0,0,0,5,0
review/B07ZNR16G1.html,b62d2501f8b4f91a55d61d60ec58796c81305efc9ca2b02bd00958d983496a7d,1,1,1,1,0,0,0,0,5,0
review/B07ZSBYSL5.html,bb54c514d5ea786f0840d46bf8a6295afb57242dc3fdbc64c7c40b06f5825c41,1,1,1,1,0,0,0,0,5,0
review/B081415GCS.html,9dba036691e05c90bba7671699887034c5a5e1fe895faedd4b6c93a77d72f9fc,1,1,1,1,0,0,0,0,5,0
review/B08141GQQG.html,f19c53a9ae17b3bc75407160684213a36210f58b81ef410151f06e250dbe34f0,1,1,1,1,0,0,0,0,5,0
review/B0815XFSGK.html,5e1a1b14d3bee149e45d88a967e45d808847c9a7c48debda116a7a00da0737db,1,1,1,1,0,0,0,0,5,0
review/B0842XB4BN.html,b08d5775ad7a009a195333587067afd2a8e4ac830ced3278eedd5b74a5feb6b5,1,1,1,1,0,0,0,0,5,0
review/B084DD9Z6Q.html,cc44188f65861d1cc2dcdee2d46f856a404c4238fdc7fc5e21c2a84e29dc1559,1,1,1,1,0,0,0,0,5,0
review/B084DDDNRP.html,5c365d7614bbe12ad3dd7f824a70f370b96eb6cf9657df851835013ffdcb74bc,1,1,1,1,0,0,0,0,5,0
review/B084GRMHVR.html,d1b68f6bdef1d5748e12ba01092eb07e32cdb9967a000c47e27d464c9e10728f,1,1,1,1,0,0,0,0,5,0
review/B084GSS3M8.html,79e777709e81a5276c8c4c6bb98996c74aac7f49d1ed94d55ed639bfb6710a31,1,1,1,1,0,0,0,0,5,0
review/B084W8YKY9.html,03554733123dcd1cd88e3af7e16035594da9b8448ee2d02ba5b13ef0383701c8,1,1,1,1,0,0,0,0,5,0
review/B084W952RP.html,7a2873be3b676e29ce6c514380cc31b509cf0eaf631b52c2614b17827088fea1,1,1,1,1,0,0,0,0,5,0
review/B084ZSZ1T8.html,73eafb697190720fbb9fb4959427246c93073c7d60eef4b569f7c480e8041071,1,1,1,1,0,0,0,0,5,0
review/B0851BM4R6.html,a84c0f2dbaedbb54428296339687f2a66884ffad7f66852f2ff62e1c2f4a0291,1,1,1,1,0,0,0,0,5,0
review/B085DFRWJK.html,eef7b54524bea3ec9c20b25c7c4a2257c9cc4b8a046d2cc246a6c3945469cd53,1,1,1,1,0,0,0,0,5,0
review/B085R37MH7.html,57e32bd117916543102398af4a094c59d30fdee7861b0aa9ad3a34a914cbb0e3,1,1,1,1,0,0,0,0,5,0
review/B085WS1SNF.html,2180f3156c60f6722bf1d381c9d1656d414c8da58a8b562a26c295bba5b94753,1,1,1,1,0,0,0,0,5,0
review/B086ZSQZZ7.html,0aa4e647d93b63d4405df7de87b540227e387e060cce7cffd997226a601c86c2,1,1,1,1,0,0,0,0,5,0
review/B0876BCRJ3.html,54d63cd977d3880810235cbe18b2646faf3e02ac501780fb6228e617d2cd5698,1,1,1,1,0,0,0,0,5,0
review/B087CT8PWY.html,eec3272490c4c7b9e8cdbc8e7bd14b546cd1e9bf936cc2126ed98ad0f4cd80ff,1,1,1,1,0,0,0,0,5,0
review/B087XNTFDD.html,9791538741f355f68e6f778a0c984783d1ede7822ea0cee13e5406dcf67c0716,1,1,1,1,0,0,0,0,5,0
review/B087XTT5GZ.html,d2023055f2085e522e5b5f7051b60bd50bd97db0fa43d41b890887e0f446d333,1,1,1,1,0,0,0,0,5,0
review/B0883MTJSR.html,084ea6cef3fc5a1a638dc33f3095a26c46cb98cbb4203d808ab341f513f89ab5,1,1,1,1,0,0,0,0,5,0
review/B088GHBH92.html,8a2dab78ecc5c4393fc66a68bec4b626871631a1026a3efe1711a68666224506,1,1,1,1,0,0,0,0,5,0
review/B088GJR4B9.html,95783fd676a216409322dcbd0e524a530de75dae557e601200b261c321eb7f9a,1,1,1,1,0,0,0,0,5,0
review/B088GNW267.html,3a562c2e1d15d93055849a58cb05ce3689ca91f78165a2cb99016eb0268bb7a8,1,1,1,1,0,0,0,0,5,0
review/B088PYSHWS.html,86ede3e682e26c6b7860746684f198cc843058b7eedc7f0025f02b516e7b8a0a,1,1,1,1,0,0,0,0,5,0
review/B0899JHJ6K.html,f61d0aa286977b6b5dae79b591d1befba416e8ee9e65e02916c2cb7b941671d2,1,1,1,1,0,0,0,0,5,0
review/B089DMRD2Y.html,d5c0960b2a86ff921da46b27941431ab85b179e2d8847fa164f9ff0122657a5d,1,1,1,1,0,0,0,0,5,0
review/B089VYCHMG.html,d0c6aa5c9053e977503381169a4e975883cb7e7d7ead9563b02746131b401e99,1,1,1,1,0,0,0,0,5,0
review/B089ZYLBTQ.html,e79bb3e154f0c33a24f06167a8e9fa8741e2b535dc31aff33cc3ed9bee98b903,1,1,1,1,0,0,0,0,5,0
review/B08B3JBDJ6.html,f93e00e4d7b5140e55b1167268ca83474bc72db3d68c312dc567e9bd2958e7d6,1,1,1,1,0,0,0,0,5,0
review/B08B3X7NXC.html,30eef40c1ed325b979272f62bb5a54a74543c8176a8c7ded299aadd6c40c90a3,1,1,1,1,0,0,0,0,5,0
review/B08BC2V71W.html,912131ee11ca23debabfce79a9654e4100c8f6f480516cb51a97eac63f16dd9d,1,1,1,1,0,0,0,0,5,0
review/B08BTHXJFN.html,788cfdcacb95a9da61e90178ad88b97bdf089d6f5b2b60938c9e3fdedd34d6ef,1,1,1,1,0,0,0,0,5,0
review/B08C4VKYFG.html,aff5aa4d95650cf650c8eab9439b15b067d7b449932fcbf667e1ad6774b263cd,1,1,1,1,0,0,0,0,5,0
review/B08C4YL4XP.html,2cbf206958af19617df9debf1312aad0fc788b4fb93594bfff13949f024d7f2a,1,1,1,1,0,0,0,0,5,0
review/B08C4Z69LN.html,8078e74bf487ea21a46823e2b69b14d82b08cc42f3c8196c0cab284cb55e0900,1,1,1,1,0,0,0,0,5,0
review/B08C53M2N7.html,dafd500314740a19bc18789404cf61618f91d1a6e01353accd85e200ca6eefb0,1,1,1,1,0,0,0,0,5,0
review/B08CGBCFNT.html,b4015665c8a2042de36711397dff516bfecf85beb9c67497fb5e0a7b9ed3ac47,1,1,1,1,0,0,0,0,5,0
review/B08CKGW1D4.html,457ffb58974e9b1fa4109c1c581093bd76d68c20122819074e49cf2e1021e633,1,1,1,1,0,0,0,0,5,0
review/B08CS62RB6.html,48d50caad228c02f0c771c176b6a38167cbee1f12ffe12c70b84e1430a72bd41,1,1,1,1,0,0,0,0,5,0
review/B08DQB2GDN.html,3af84f3ec9d8e74e2ec66808d01bb67659ef6841beb3b1e9d1414e688f2520bd,1,1,1,1,0,0,0,0,5,0
review/B08F2KZM8X.html,ee57940351c2b9f4edf669b9038cbcc963380692f98efae58d1f720026bf7416,1,1,1,1,0,0,0,0,5,0
review/B08F76V39T.html,cfc082d14a0d9acbd3c790f437c6cd3a94becf9efc366e44f65517fbcdf18e54,1,1,1,1,0,0,0,0,5,0
review/B08F7BHDLY.html,90b03c81f8b0c03d2b08f326eca7124e3397089894081a61d57f59cc0e5bcc1f,1,1,1,1,0,0,0,0,5,0
review/B08F7FKQ8P.html,9a4a0906d34a98a834183777f151172c9e33f7db355a33fe273b8e6e14c455c1,1,1,1,1,0,0,0,0,5,0
review/B08F7HPJ4F.html,c9474c1e19c56f9161645e51dd4f2354c404b9fe18d119f05b2635a9d946b75e,1,1,1,1,0,0,0,0,5,0
review/B08FXWRRSZ.html,a31c2a7e73bd679be1023ff09998740db105fab40830a179823c40e98dcddb57,1,1,1,1,0,0,0,0,5,0
review/B08G1Y95SZ.html,29a66715f5d7a098ad6ad15d40d2252806e5588f88f30da95c8423ffc9790ece,1,1,1,1,0,0,0,0,5,0
review/B08G57DSFH.html,b19b0a2cf87fe52714cd3fc9d0c03d5a9fa031da16648a1f68dd89bb53286d5e,1,1,1,1,0,0,0,0,5,0
review/B08G8VHHF4.html,a74b97f681334312f4e403cda9092b729e96b8c7fc9c29523e13b1d2ef3d2e48,1,1,1,1,0,0,0,0,5,0
review/B08G9J44ZN.html,207ec1a127bca368bf3d7c8e6a9aaf9b4233c985b1a9cd9ab813c9529c828a18,1,1,1,1,0,0,0,0,5,0
review/B08GG6LCQK.html,57f85263a1115e251e993685926d9ef2dd2c1545d367acbc6e518c3aed9650e9,1,1,1,1,0,0,0,0,5,0
review/B08GG6LVSY.html,2cce891d6ab46964ae2ef64dc3af094a163951a05a96b63f42430ed6245bfca4,1,1,1,1,0,0,0,0,5,0
review/B08GRHL97V.html,95fc3e2fd4c5cc1a8f580068278ceb84fe8e22d1b7ce812ac346a9216e7af90e,1,1,1,1,0,0,0,0,5,0
review/B08GY3W5S8.html,8434b0c7ddbdddf849aaa54484f471c800dde7e9b898430fb6b0bd5ce5d710fe,1,1,1,1,0,0,0,0,5,0
review/B08H99BPJN.html,523977289a7ebc6a9768131aaa937bf71c202ffc9b0037f65c89d9a1c27f3308,1,1,1,1,0,0,0,0,5,0
review/B08HJXRB1K.html,1d54b065ed3dc3ad7299bfecb958ae730c7815bd9ec765c3938341268d6ef27b,1,1,1,1,0,0,0,0,5,0
review/B08HT44F1M.html,fdde46f6b886e49ef609127cd5a2b1be1d24e3ff7a25be27dca5da7848c7f57b,1,1,1,1,0,0,0,0,5,0
review/B08HVMVNY1.html,738d0a26385cffcf8dc72b74f7f9393746b40ef888dba7340ca1b016e84519f0,1,1,1,1,0,0,0,0,5,0
review/B08JDVCVN4.html,313dcc85fc2512edc23f8c203f3c3c0a601616ad9e0bc531fbe02ed0cb090f1d,1,1,1,1,0,0,0,0,5,0
review/B08JDZ4XM8.html,f2b1e9726e3cea3230adfaee23f76be688c233db8f9b575b4660b374b4683137,1,1,1,1,0,0,0,0,5,0
review/B08JF1HJY3.html,26adc0f357203c8f1cc3276ee28e316d524206355f1cdadddd7dbc7857f9af60,1,1,1,1,0,0,0,0,5,0
review/B08K3S6WJM.html,0f33edc1e4c8f44bd65d99ec1f93b2409dbbe880b409e596be90c97ba271f40f,1,1,1,1,0,0,0,0,5,0
review/B08K48F6QZ.html,a1c59d516d2c80d2dbb3dd8ecd741f2585172af6b97b048fdba633ea142aaa04,1,1,1,1,0,0,0,0,5,0
review/B08K9GGT97.html,0466d6076bf0d5a69b397021178e768de5aeecf33db1f25d0ffc638cd4f141a9,1,1,1,1,0,0,0,0,5,0
review/B08KFL3SFV.html,2fea239e06adeebcf190daecc1b08e59711cdb76e284973b1a96c6daeba5b4d7,1,1,1,1,0,0,0,0,5,0
review/B08KGRYVHR.html,147b07e4d2d4d955a343e37fb76bc5913bf062888e8c56f830f30fde283ed0d2,1,1,1,1,0,0,0,0,5,0
review/B08KHK67RP.html,a64295e6e2c94584e380a8a3b6004233bac08479ed2416ae8f773ef210b5f180,1,1,1,1,0,0,0,0,5,0
review/B08KKBSDTY.html,8ee1deef68f21bb79bd6e234061b418a907fd9e6911d761fec7cadd0ed68620c,1,1,1,1,0,0,0,0,5,0
review/B08LBK5J49.html,cd2320abfc1fd9ec84d84fa7c3dd1dadc6a89970cc06630c607ffa72d40acbaf,1,1,1,1,0,0,0,0,5,0
review/B08LKGMLMF.html,a20852a9fa744087642247895c66b95dbdab7fa9275359d88f2c168d7760eadc,1,1,1,1,0,0,0,0,5,0
review/B08LQQ824D.html,95cd52594114db30b1ae4d47a51913b11724f01bbe658cd0ee50d5897a331079,1,1,1,1,0,0,0,0,5,0
review/B08NCK1MBQ.html,576e137aefaaf12a94fc508f3d0e3acb32eb513c5370f09c8ed2cf4882afc628,1,1,1,1,0,0,0,0,5,0
review/B08QBJ2YMG.html,3d62763a60b55ca7d44bdca3b34fc97a3ae39d69f0607055ece21c3fc5a2448c,1,1,1,1,0,0,0,0,5,0
review/B08QMXWKGR.html,f556da5c5f8a7d590bd218731b962897aa30900d6e4652de30989e446b0ae37d,1,1,1,1,0,0,0,0,5,0
review/B08R5NN4FJ.html,2b29817238be660e3509e3447ce48d5dc8dbf56c9600725a6c2b326fdc9e1c05,1,1,1,1,0,0,0,0,5,0
review/B08R8DT7X6.html,0a26bf3395465aa75bb7adf8edb529a981fda22c8a9c8c723062f2654ee5b63f,1,1,1,1,0,0,0,0,5,0
review/B08R8NZB3Y.html,9e423a7da1f22d54e749ffda1a0a562bed6aa81786cafe476fa7a0b26848bae0,1,1,1,1,0,0,0,0,5,0
review/B08RCWZX9W.html,c8103b81c435bbc0626084c23b8501742b4834d111a8d3b44af97b8f4961d3fd,1,1,1,1,0,0,0,0,5,0
review/B08RCX5QY7.html,146c8444cd75aea928c03110502de8026b40fb78d5893b09d468e59f175b90bd,1,1,1,1,0,0,0,0,5,0
review/B08S77DVDS.html,ccbc270d4336f40727e10acfb6a9fa17aa0dd0e630b241f75fef58634b7553af,1,1,1,1,0,0,0,0,5,0
review/B08SB2RL85.html,29aa41a599cbb9cab3297a68b23880248eb76ce9b06e65912d12ccaf842274f1,1,1,1,1,0,0,0,0,5,0
review/B08SCR8SVP.html,d2d962a6701b7d5e182cefa5b351ea70bd72dd971b1b1733c0e69ef5c72d3125,1,1,1,1,0,0,0,0,5,0
review/B08SSC2GHR.html,f744e75458d4772597100cd2998ec5cb70f090bd0bbe61279915284509a634e0,1,1,1,1,0,0,0,0,5,0
review/B08SW78ZR4.html,8a5ecf7437b7d8360d6c6fcbdc19778ab5fbe8f6dac01b69df4bc2dd035fde2a,1,1,1,1,0,0,0,0,5,0
review/B08SW8BFRW.html,7f140c6489bb705848389a09f9c72eea060e5bd4d03b1d7cc2cfe0024bd14338,1,1,1,1,0,0,0,0,5,0
review/B08TQGCYMB.html,6227c00278d8f449d88440a8f3a9f347866db998972641818bf80e96d3a386f0,1,1,1,1,0,0,0,0,5,0
review/B08TX4T92W.html,f6c15f6dcf545880815fa40a8dffefd137c994eff532c2d6a78e9cc0e482b34b,1,1,1,1,0,0,0,0,5,0
review/B08V1KKZ12.html,7615ddcab296a2af0760c811f5d949254084293ecf5d33b9bf37d94d1fd4bdf9,1,1,1,1,0,0,0,0,5,0
review/B08V5K84M5.html,ae436f98266dbd4577bad91732c69cdb97e6c4c130307b525171fd533e3cac9a,1,1,1,1,0,0,0,0,5,0
review/B08VFCH2HS.html,810cec9aeb1acfdff09f1d13d0cee22b9221461e2e878b67b7c8bec9bcc7cd27,1,1,1,1,0,0,0,0,5,0
review/B08VPTBZHR.html,5257cd48f1a1527dc850e271189b97cd1560b4a88895c537255c3e059d3132cc,1,1,1,1,0,0,0,0,5,0
review/B08WC9C1N6.html,25f8ddb25ba6ad4d8ef6b33e7feab8218f1f27abe02185348111fe79467e0642,1,1,1,1,0,0,0,0,5,0
review/B08WR6DRQQ.html,9130e3df9ad358f17c461dc72a64078098aefc1538f407af3592cc67b71731f0,1,1,1,1,0,0,0,0,5,0
review/B08YP52XQG.html,e8bd5e53bfc3ab5746a99de1acb171d486900f10878c1a26c4f6fcdead480577,1,1,1,1,0,0,0,0,5,0
review/B08YXTWXPC.html,7b1840eeab1633c1b8e97414c2c7e25ea6545e2658d9885e1d3498a07b8dd4ce,1,1,1,1,0,0,0,0,5,0
review/B08ZJWR4YM.html,9a42876d06e2b812f86fc0c8089fbbfce922752c2c0a9bda239e6f2b89fbe320,1,1,1,1,0,0,0,0,5,0
review/B08ZS59CB8.html,9ee744f96e90cca6fbd1ae52d121f26c0a4f71891e86ce4b7b246702f722a2da,1,1,1,1,0,0,0,0,5,0
review/B09138FCV5.html,ee03b13329c6d6df200dc137e3d422fee34aa5b81496c6f4ac29812bce157181,1,1,1,1,0,0,0,0,5,0
review/B091BWBSY2.html,acbb371a7298b4ab09ee7a32fadf12705fdb4415173c3eeada369fe19dcfad56,1,1,1,1,0,0,0,0,5,0
review/B0924RD2Q9.html,ea380d636df205e3c69b72c773ff4a3ed931c9e77498eb11c70112338699ef40,1,1,1,1,0,0,0,0,5,0
review/B092XPXHB8.html,6ca473cd064d5ef236985548aad5c307ef83eef8ba5757670182880e33dc378d,1,1,1,1,0,0,0,0,5,0
review/B093DP3X4H.html,7a3e421a4cbd240883903becaa362a985fb03f96b34c20d958f5a522043532fb,1,1,1,1,0,0,0,0,5,0
review/B093TMMD48.html,19fd3a85bb41c8bea70b9a18a6113ac0788f24e86d0513254895e7ba22d889fc,1,1,1,1,0,0,0,0,5,0
review/B0956PFTDK.html,3a1d3d88e6b0a62bc5b6ee8bae5dbe4edfcee6bac6246cd57684a8cd30146598,1,1,1,1,0,0,0,0,5,0
review/B0957QK13H.html,5cbf18c9763f73048cc05ee48f4d17bc28bdb5306bbf640002bfad27ac9bf326,1,1,1,1,0,0,0,0,5,0
review/B0965NDFL9.html,6d93a9029cb2d48d80481d9f5943b4801d00b8d8762f3bb910487249374f871b,1,1,1,1,0,0,0,0,5,0
review/B096686P8F.html,1ed6bd7006b96d882996c945c3e95e87dfaf40e33bcff9ae178c36449bf0da83,1,1,1,1,0,0,0,0,5,0
review/B096B3PBFZ.html,bfaf1c094bf7ec383946b75805c70383409c40cad645da04d9b8c7fd1fdb2301,1,1,1,1,0,0,0,0,5,0
review/B096WGMXG2.html,dfbf9bd6b7ada3c064aaba09a2f3ae31cc760997e0c90094a6c2743f8c6d163f,1,1,1,1,0,0,0,0,5,0
review/B096WVY5WH.html,0774b76c4b2c6ff3992bea3141518b5f9f20bb861dd01e8d745d39e227ac80fa,1,1,1,1,0,0,0,0,5,0
review/B096Z3F92Y.html,20d3e6b503cd0d9f8954652eb0b0fcf2b483998690a78f72c2be97a79d73e873,1,1,1,1,0,0,0,0,5,0
review/B097K2MRS3.html,8ae1a34b40f7d3cbe3e539c6f2462ceee2451af23c107f38e6eb4419280726a2,1,1,1,1,0,0,0,0,5,0
review/B097K3R6K2.html,fee753efea48d94e28e7b6f4b68030a0a0b5a2a489f5a33bd3fe5d3ef5f363fc,1,1,1,1,0,0,0,0,5,0
review/B097QKYCR7.html,217475c99a7029628cea19056d02f46cec8ea44e9b2123e184ca11a8cb870090,1,1,1,1,0,0,0,0,5,0
review/B097TM7G7D.html,ba1d8676f766fe1547d32baf95e1538d8b0ca8c01f4ad9c27993443f74c612af,1,1,1,1,0,0,0,0,5,0
review/B09879L2ZX.html,279f8d513e8c2f9581e471ef650fa83d602f3e88f225da92f185840a1a8051f2,1,1,1,1,0,0,0,0,5,0
review/B098RKWHHZ.html,2be4d39dd143510411ec7ebbd960d4e4f7bf3ad5f8e2334cae5c41c7bb4dfaa2,1,1,1,1,0,0,0,0,5,0
review/B098TVWSR8.html,c17fa860b1e4ff46a97b1247f158b1ddc4a859f56d42943d988823d9e81de102,1,1,1,1,0,0,0,0,5,0
review/B0997CGDLQ.html,15f3c2794dfd7ba456b64fb94ecc9930f04fe79daf935eb91484d3b687ad9936,1,1,1,1,0,0,0,0,5,0
review/B099KV6V8H.html,7d00c99fc043e4dfcce24d47d3a59730f8942395c4598bd4edebc2f0032be7ea,1,1,1,1,0,0,0,0,5,0
review/B09B13WYSN.html,207a1c1a6d0efd31eebcecac0c3f35e3f0117755ed078418549613d96427afb6,1,1,1,1,0,0,0,0,5,0
review/B09B46MZ3T.html,b5fbd8db37b0bcf1f8e7529f0ee068f97d4b9b51067b7fda3fcc3742cd82b7f4,1,1,1,1,0,0,0,0,5,0
review/B09BFZSRGN.html,91fdc9e90faada30dfdd8d2572dea8063d8cd13a2e041df60b8e582ea02e3a39,1,1,1,1,0,0,0,0,5,0
review/B09BJVZVTB.html,de6bfb55b03f319ddc13ec7d68f7166c354e94c70f1d686eaee0b91fec0f39a4,1,1,1,1,0,0,0,0,5,0
review/B09C13PZX7.html,e739e63eec461517a1846e7bf282a813917262f7a946444d23de592efda16d1b,1,1,1,1,0,0,0,0,5,0
review/B09C6D9CH7.html,a6eaca6b1a94c013ba39b899203f523ab76bbd7a21dcfd7029aaa99af83ab94e,1,1,1,1,0,0,0,0,5,0
review/B09CXQZMHG.html,b772219dd9671d2c9ea7d2e9ebc53341fed1fd55d594d769b509cae3baef5dc7,1,1,1,1,0,0,0,0,5,0
review/B09CZT15ZP.html,36916ef8dad5856ce479aa745d12a993418e013212073c32560efe39528d1f3b,1,1,1,1,0,0,0,0,5,0
review/B09D4KJJ5T.html,53af87109e8502b0982d7fe135824e7b796c873cb8c5a0437148ce7951c725a6,1,1,1,1,0,0,0,0,5,0
review/B09D4T7VT6.html,29f10982b335b8516688bc973c2ee34f05ec164f47b31477cc0873d5f7ceb265,1,1,1,1,0,0,0,0,5,0
review/B09DL5J7D3.html,729dcaea5952cea1ddd75cfc5ffd9b3fc33db7b5e86dca01cf45cf70a93f6fd0,1,1,1,1,0,0,0,0,5,0
review/B09FFR642R.html,dde55648d6aa9cb7d8d326c4a6167bc2be7b2f01708e78c08d02f22017f8c47c,1,1,1,1,0,0,0,0,5,0
review/B09GP7NVHK.html,37aaebcacf9caf94e03718eb92c78f96f61dd7c2b88f50b824d5036af0e8d03e,1,1,1,1,0,0,0,0,5,0
review/B09GVLRJVS.html,34ff9b176aeeba5497dda5d4ae24a9064459f535a6e1c41ba6051199413ad2be,1,1,1,1,0,0,0,0,5,0
review/B09GYKK56H.html,ba731a8eae9be438b30e51ab982cef254480c73ed4acae01561fdb58a398c6b0,1,1,1,1,0,0,0,0,5,0
review/B09H6DC9Z5.html,4dd1e3ec6c219137d1850aa611e40da077ece1d92299661816a44e36db1efb26,1,1,1,1,0,0,0,0,5,0
review/B09H9XD7C9.html,85fe65100d6c2b2a80a12528160793d85416ca56903ad67a2106c2c0aa2dc41e,1,1,1,1,0,0,0,0,5,0
review/B09HL8HBRJ.html,8d23b8c9ab32f5b29b2442b05d1ce60feaa95397a9ee990af0706e4945a51960,1,1,1,1,0,0,0,0,5,0
review/B09HMVQ98L.html,2ef4e40faacb641cf90ec65001720c56717c8a044602f4c8862d551c21cf3140,1,1,1,1,0,0,0,0,5,0
review/B09J8VCFWN.html,d6046ba45eeb71e5ba9a21f09dc9de264790fc814133bec2396b6bfa5db09c30,1,1,1,1,0,0,0,0,5,0
review/B09JH4PD8Q.html,705aed5c450de6641caac61b17d8494ba39596c7750a77018d7b120ed4b7faba,1,1,1,1,0,0,0,0,5,0
review/B09KTMN3PK.html,a916e53467f5cbdf8fa7561bd5018f2d5d6c4616099b325b11435db8cc43b495,1,1,1,1,0,0,0,0,5,0
review/B09KYF3Z29.html,a3c82479f2f8871316944df4c32990b5a55aa61021ae341e97011153a8edf3d5,1,1,1,1,0,0,0,0,5,0
review/B09L58X6R5.html,6b889bb256167ddbd71b1282d610a33b651201f65ded583bca43a53a2f153cf6,1,1,1,1,0,0,0,0,5,0
review/B09LVQXHBG.html,3b240763f6c30f229c76dcc7ee2f244559f73923ee8283381b4d806667530554,1,1,1,1,0,0,0,0,5,0
review/B09MDGKQLY.html,63da29f59573817ae7c31dd0bacb2c585497d6d1e0884aaf6c05ff8aab21fc0e,1,1,1,1,0,0,0,0,5,0
review/B09N7QMFW2.html,308a1247d67d4fe56350bddbbae9c9fca7d93beaa7c04693e9802a899b818763,1,1,1,1,0,0,0,0,5,0
review/B09N7V94H5.html,c64b26c4286010cb20218fd9eea39dbc3b1098f418ea5d5c529c15b29e4b4454,1,1,1,1,0,0,0,0,5,0
review/B09NK8J76T.html,e9076fde5b040bf6b9a11da6cae3b3781999652494c4f41ac0722e5816c64b8b,1,1,1,1,0,0,0,0,5,0
review/B09NPHJLPT.html,3aa88e3aa1ff09a518953a235b176120804d07f6fa0c6c5e4719c2bdd7cef969,1,1,1,1,0,0,0,0,5,0
review/B09NQJMW28.html,74bdc9884066095cd80564c88eff49d98e601a1d1b01935c826457e9a455d8e7,1,1,1,1,0,0,0,0,5,0
review/B09NR21ST7.html,14236f32e8053103ba052402e3b3185ee3ab623351e7bbc93ddceec93a283b02,1,1,1,1,0,0,0,0,5,0
review/B09P4TZYZQ.html,a732e31565b3209225ad4257196deccf8dceff8b688188f721a0b37c47f90515,1,1,1,1,0,0,0,0,5,0
review/B09P6CS4XH.html,d99149706da55f1ef15c30bbbdbec117d5203f1cf44eec9b81a14e44d1a70f35,1,1,1,1,0,0,0,0,5,0
review/B09PC4PNHD.html,44430eca3b4edaf26b5e48b8dd2876a5585b529e4d2a622f4fe8b2acc6f98005,1,1,1,1,0,0,0,0,5,0
review/B09PX326Q8.html,1dc498ebaee1ba2084e56f15ef126a609f645c091106be77a82e61128b570696,1,1,1,1,0,0,0,0,5,0
review/B09QFYX1KX.html,d00cc622093aa22890fd9cda022f7309791ad33d7465491ccad437dc17cef71a,1,1,1,1,0,0,0,0,5,0
review/B09QH7MQGC.html,f1a315d14c8bb71f077e262b3965382f09e8095cb48292b0a82056639ab1d620,1,1,1,1,0,0,0,0,5,0
review/B09R7YMWCP.html,7a5270567c995516deecab029a5ef492d39b0fd3a557aac07167be8f9eb6b244,1,1,1,1,0,0,0,0,5,0
review/B09RG465SJ.html,4ff2a234a561d6e1376b8ebdfc708ed3dbfce12048083db929f5410b27ff23be,1,1,1,1,0,0,0,0,5,0
review/B09RGHK5CY.html,5fecaca44494e548395c1170fa3c5e36b93e29dbf91ea2e28fe478e2013496b3,1,1,1,1,0,0,0,0,5,0
review/B09RNGCHT8.html,44eb44194e73ba414ce7dfe3c9e687a08c0479ff9cc355e520a63c5fb3119d97,1,1,1,1,0,0,0,0,5,0
review/B09RQ4PFYY.html,d4d678bd9b40618b64c0780014185a5262c3ebe713bc6424123e4f97fcf72a6a,1,1,1,1,0,0,0,0,5,0
review/B09RQW9656.html,a7e41610a87476d45bfb00f590d3df849485674a89666276dea46c91536e1d0a,1,1,1,1,0,0,0,0,5,0
review/B09SBNSFR5.html,5955426e3fd264899d307f5c13b7d39e6224fc60f07ce57ab2be53e469cad9c6,1,1,1,1,0,0,0,0,5,0
review/B09TFTSJ6Q.html,9f436b3fdd87723dfca9d5374d848ff09f53678e8564806c9db6edae0a11cd69,1,1,1,1,0,0,0,0,5,0
review/B09TLD6CND.html,c963b86f7c8933ead4daa653691b7342f4dd67b48068890ab1e127647e1c2340,1,1,1,1,0,0,0,0,5,0
review/B09VCJ171S.html,5194bb94e7edce74c558f1d38456f20fefc1383b3624a8c8af6c45212e8f417c,1,1,1,1,0,0,0,0,5,0
review/B09VCRQVWM.html,9daaa8a8b1928b729e3c406b3d6df6270c4e3327e2cb203c01905bf20fe8fd7a,1,1,1,1,0,0,0,0,5,0
review/B09VH14935.html,888b181728da529843cf9d423d2ee34c9d5f79b09a2c286367b59a227f6614e5,1,1,1,1,0,0,0,0,5,0
review/B09VJ6135Q.html,d102c12fa2cce75ff29d2571dfb38ea42c019b301c354b7b78c4141b9f411606,1,1,1,1,0,0,0,0,5,0
review/B09VPZDJBR.html,c629b4d463dc74e786c6e5125b4a255e713454bcc88824748bcfc87ea1fefe5f,1,1,1,1,0,0,0,0,5,0
review/B09VQ14QJR.html,17f0ebeb019e19a9e8603d9bee20c4f9649a9d98c1bea76d69e10be23b77a801,1,1,1,1,0,0,0,0,5,0
review/B09VTHM1XT.html,593eb96a9323bd7a5146f3a5d997159afcdf1c1ce535df3da06b257ddd61e2c5,1,1,1,1,0,0,0,0,5,0
review/B09VYBLCVY.html,762ba1d1684d9fbf19a8114802206154cdfeae0c753e96f7513c3a869f0ef678,1,1,1,1,0,0,0,0,5,0
review/B09WBW4BG9.html,609213bccfafc96ddc11db7bf7b6ab4ca6ee5a72e373d8c72b77d539eddcdb50,1,1,1,1,0,0,0,0,5,0
review/B09Y9F6N9P.html,ab0db41bb0a0bee866d537b6ebb0db8b9b8ddaad1832fdc949ac4609d530321e,1,1,1,1,0,0,0,0,5,0
review/B09YMSX89C.html,6bfc3bdafc1bb415f063e0d8ad2d6c51b39b486d8efb341d81c967d7ef4f3e66,1,1,1,1,0,0,0,0,5,0
review/B09YRZHRGM.html,59358eb8ebf59494ad17efcbb1485d8315bbf7c749215e3a3293c7682a3da18c,1,1,1,1,0,0,0,0,5,0
review/B09YZ25M7L.html,117fa2b948aaa3ee8bcbdbcaab2b278b7c926f9818c2a61625ca177c4a6564cc,1,1,1,1,0,0,0,0,5,0
review/B09Z1FRRJP.html,e840c7f33a3584ec75caa32dbf47633f24b101f83eda6c3a6006cff352a380d4,1,1,1,1,0,0,0,0,5,0
review/B09Z4XQ8R5.html,83df25c4a4b575e1093b717a1921d8e5b2dfe7c222d23e8bf677abd24680e94f,1,1,1,1,0,0,0,0,5,0
review/B09Z7HJL29.html,396ae2887e1f7d2d29b417f6f37f00dbf5733c660eeb88e9e6c59e7d2b72ffe7,1,1,1,1,0,0,0,0,5,0
review/B09ZJ73LDY.html,eafd38ec7a35dbbf7427b2b94819693179a6ee8591b81b7f1d177976e958a600,1,1,1,1,0,0,0,0,5,0
review/B09ZQWPR3T.html,984323bdec7632cad37590a51b9383f11fc3fbcf204757af334e709c88b686e2,1,1,1,1,0,0,0,0,5,0
review/B09ZYFV1GD.html,c7e3ba0ccdd11b77deac84264f86f528424dfef4041c1ebc867416cfd79b1d40,1,1,1,1,0,0,0,0,5,0
review/B0B11JGD2P.html,21f6c54a5a661c7a17caf3ad61306939abff9f09e6cc6d7e0f03697226efbd53,1,1,1,1,0,0,0,0,5,0
review/B0B1HJV9VZ.html,11e9cc4aeffa42ac19716a107d7bd794f40dceb5d3fb9112ed9ee7b2fa79c6c0,1,1,1,1,0,0,0,0,5,0
review/B0B1JM79FZ.html,a0ff59f07c9eb2b8460bdf8b0d2a4ad68c80c7ac204022ab425499dd1ff5a6c1,1,1,1,1,0,0,0,0,5,0
review/B0B1JPKWZQ.html,091fffa81604c72e1a7e648b6bcda2e3d6f50533dd6761e9f174cf364912c2d3,1,1,1,1,0,0,0,0,5,0
review/B0B24NS9XP.html,46cba54e0513723df5a135db1126d6dedb5e54f181672267f3e66c00191479f6,1,1,1,1,0,0,0,0,5,0
review/B0B2MQTHL7.html,78e147cecbe74333a0b1b9cd930e796f27f201e2312559dca7d74fca0ec2bd26,1,1,1,1,0,0,0,0,5,0
review/B0B432YGF3.html,d9c57bd151a62d7356b08b4190198c08e3bf32ce03fcb367340f186dfb85f0c5,1,1,1,1,0,0,0,0,5,0
review/B0B4SJ9S8B.html,1e41f155b76ffd9c024f31128b20dd2ba8a85216401ba2be4de6424838e65906,1,1,1,1,0,0,0,0,5,0
review/B0B4SJVQKY.html,afb97b85395540ca011c904269b339cdef30fab3cf1b754a76185bf58f0d7ea2,1,1,1,1,0,0,0,0,5,0
review/B0B4SKMYJT.html,a4714ae0899db887fa712bda301ff8569a6af05162db16a6e041674e17c83cd7,1,1,1,1,0,0,0,0,5,0
review/B0B5FL95DN.html,b9fba76f83b38679172216af15742b84ad44f493830442262cd2b64883f7454c,1,1,1,1,0,0,0,0,5,0
review/B0B6KGZ2RK.html,619540e1b1464ab1a47182a865ff59f8080bb0a8179f0100e9cb1e09e65dd4ac,1,1,1,1,0,0,0,0,5,0
review/B0B7CHG1MQ.html,614ad4cfee29f89458957414b03403462fd60a7e7fd36ac1568de02e0d279df7,1,1,1,1,0,0,0,0,5,0
review/B0B7SNNMNG.html,a30cf8ed7c1e4308045c8bdad5798971fadac180d512407d271c1744f34bb14b,1,1,1,1,0,0,0,0,5,0
review/B0B86KG3JG.html,f5d4c6b3ba6d4a29afa0c45dc476bbef7f286d200e09d3ac609137deba6abf76,1,1,1,1,0,0,0,0,5,0
review/B0B8J3FVLN.html,a71638686776e3f595bf32fbf54351424e383ff9af491fb27bfcf39d1d25832a,1,1,1,1,0,0,0,0,5,0
review/B0B8JP1HLR.html,702abe5c7742e13e4578b544bb1e593f68d6c6a17eb4d582b205f10b9af3221f,1,1,1,1,0,0,0,0,5,0
review/B0B8MVXKSW.html,6a757bc1ab1ad2cb11cbcb87da581da1167cca5f45a3ea57d734b3adcfd77d33,1,1,1,1,0,0,0,0,5,0
review/B0B8YWZDFR.html,f37486e6134323f8223df18f3c74b32adcf076f0b0e093fc2d55a6a59b43b3ca,1,1,1,1,0,0,0,0,5,0
review/B0BB13V163.html,ee41dd0d774750c1d071b66d1c17eec8ccd2709a4e88711707483d886b0a783d,1,1,1,1,0,0,0,0,5,0
review/B0BDGMNF6V.html,83a52fc34c4240bb97458ce1373bdd2274901161dfd79e199b8f98f362ff1e16,1,1,1,1,0,0,0,0,5,0
review/B0BDGTM1DP.html,e5e8f8f2c17e1a4d2302436c8a366022c383563e1be421243b595b5298f9cb9a,1,1,1,1,0,0,0,0,5,0
review/B0BDW2X6B7.html,7e90f5167eddcd91baad4940025afeb479b5255f0f796d087b6bbf6f51f0f7a0,1,1,1,1,0,0,0,0,5,0
review/B0BF5PGMJC.html,79b22ec00f3f109f077a9f79685c75d65f87e09ddbb8284ccc5cc73616d3a282,1,1,1,1,0,0,0,0,5,0
review/B0BFQS8ZRH.html,c34f9490bcd6f5f0365e095e69cc1baabe9873b48f7efe7323cdbb2f1a05bdb2,1,1,1,1,0,0,0,0,5,0
review/B0BG6DGS59.html,7ac8ff4f7de7099875670b014dfa7e4f89b216d2e19060c5351b297965c87fd2,1,1,1,1,0,0,0,0,5,0
review/B0BG9BWGWW.html,6a7fc5d2288928ce1b40aa2b7f827bfbc64ee44ba629e05e5f9ba0e4fda970e5,1,1,1,1,0,0,0,0,5,0
review/B0BG9CYNRY.html,c8298c348ae876d947210d1838fbf0a882faf964975560181cdf3ebdd5f56d13,1,1,1,1,0,0,0,0,5,0
review/B0BGQ8FB3G.html,50e6de4f4f80479eddd030eb71205b353dc535b3faa39a11fa033b5faff987a5,1,1,1,1,0,0,0,0,5,0
review/B0BH28M64J.html,4866fb5d59f35bf9611002e877d51c527fe886ffac6bf9b111d900e286d30a4b,1,1,1,1,0,0,0,0,5,0
review/B0BHMKVF1P.html,50763eb4f7c7fde97fbe78c9c136760ebf4f6dc22107a614c92d1b02fd4e56ea,1,1,1,1,0,0,0,0,5,0
review/B0BHNN4TR9.html,251783fbb4372026ca69a557a0001f101731a044f3cc38e8235451477e34f4d5,1,1,1,1,0,0,0,0,5,0
review/B0BHW3H6L7.html,fd520245b65b4b89ce3adaab44350f4ac8cdebb3651a5f5f0af37ccd84c8f397,1,1,1,1,0,0,0,0,5,0
review/B0BHWZ7DXX.html,506b950a782357650963598e621ff9ec710fadac4f4f77139c37e16220a70a91,1,1,1,1,0,0,0,0,5,0
review/B0BJ7KMJKR.html,c08862c9922a64e20dc004a480a46285f471ebc325380cf3798fd5d0547fed4c,1,1,1,1,0,0,0,0,5,0
review/B0BJZ78NZN.html,141ca9c7daefcd4f2b3df0d88b3b363f91d09b6e07d9286e6490f2732630e94d,1,1,1,1,0,0,0,0,5,0
review/B0BJZBX2N7.html,d5615bbf2d2c676e4419f4e9277c043316eb94e8e53aa7284cfb8b554c7a71be,1,1,1,1,0,0,0,0,5,0
review/B0BK2KCQPK.html,093228a40f41941bbb941aa23c8e6934157f209f713d98f83a941df2edd1affe,1,1,1,1,0,0,0,0,5,0
review/B0BK8KRQ33.html,4f00d9ac6b3079c65b6d6bf23df1175c8546125f00da8433db16d0acd276a9d5,1,1,1,1,0,0,0,0,5,0
review/B0BK9LXKRM.html,d88624677d76a5e4566acc83b7021b63c2e54fbf5c71ce97a824520c6d8a277b,1,1,1,1,0,0,0,0,5,0
review/B0BKH4ZKCS.html,7f00ddbb69c87df8c999f20bc57a3bb55043c3e69a4e071bf7230ddead9bd2eb,1,1,1,1,0,0,0,0,5,0
review/B0BKH5M7V3.html,086b552cc024437ae7c26209b13b310910c100c6f6bd539128ddd2950cb87934,1,1,1,1,0,0,0,0,5,0
review/B0BKH8PHMY.html,728a45b635aaad109366ef81ca46bb8953649c6f722f72ad9eb36d1d2ade2e6a,1,1,1,1,0,0,0,0,5,0
review/B0BKH97KM7.html,76da3a9eead839142eae2d2321562cb472999edf9dbd6e93b89f829b0c476aec,1,1,1,1,0,0,0,0,5,0
review/B0BKN8WTDZ.html,b48bcd524aff445152fe2db0d7b540e901aca13dc80d733091b7f344022e88cb,1,1,1,1,0,0,0,0,5,0
review/B0BKRDV1V3.html,3c95ea8072d602a50532f71a2c4eb2d4aa494012b361b510042f43ad1cdb7053,1,1,1,1,0,0,0,0,5,0
review/B0BKSYLNRY.html,5881bedf2a024fac6159c124cc7c985c2ef28fc89fb22d6caed1e02c9a6236cf,1,1,1,1,0,0,0,0,5,0
review/B0BLVY24Z3.html,41a584c3b5f3cc940f5279a30ddd086c3b4757e00e6a296ab215964958389061,1,1,1,1,0,0,0,0,5,0
review/B0BLZS13QR.html,77b8288c1be11df29012727f432ab6b9d920849d5f5b05e190ae1b2804a8ff1a,1,1,1,1,0,0,0,0,5,0
review/B0BMFQP2ZZ.html,206b75e85920190142289ea71c3d9a7b3a3db7bdb3679909a560fc7418ac8e65,1,1,1,1,0,0,0,0,5,0
review/B0BMM7M56F.html,77b5fdd39074a0a7600a034dccb8f5aa11bc5763b8cb6399980448f5abaf3f99,1,1,1,1,0,0,0,0,5,0
review/B0BMQHSCVF.html,505372bb72005d8315e03600fad3261908efbadda1907975c6ba19ff13663db0,1,1,1,1,0,0,0,0,5,0
review/B0BMQK718H.html,7f2cfa2b224c060d8b7a825c3327c854c03b0a18a21bfb492f4fe2b453024c8e,1,1,1,1,0,0,0,0,5,0
review/B0BN61LYFB.html,f5470ae18036e02d6455644fef6e3ba8645be887e64f58da691924f76b74ae91,1,1,1,1,0,0,0,0,5,0
review/B0BNYRBFBS.html,d9df34fd2ccd6463a03abfd8ed47e5138bb308d5665e410f2aced486bfccd5ef,1,1,1,1,0,0,0,0,5,0
review/B0BP2TGK6W.html,c1ef1f9962f099825a78cef523eea497704aff0f8e56e53a917877912b981072,1,1,1,1,0,0,0,0,5,0
review/B0BP5L9VLH.html,ebb2f03ded35ac38910be00a5c97df5f095066a23fb81ece9a34225e65a36a8c,1,1,1,1,0,0,0,0,5,0
review/B0BPHCPSCM.html,5799a4404e0028f213790a4d830d0cb364016517b357f17e6755c30602ee6edb,1,1,1,1,0,0,0,0,5,0
review/B0BPHSCM2D.html,761d302dcbf76ff1dd29b2a45bd589e7b958839482b77f9f60a309f3c65b2579,1,1,1,1,0,0,0,0,5,0
review/B0BPPRBTK2.html,5fd4b8ca19835d6057a97dbc6946ca70165a52e1f0b917a27585bdb42904e4e2,1,1,1,1,0,0,0,0,5,0
review/B0BQ3LVZ55.html,c054237b8a21691875dd6ca9a2a2cb5e95795c8e0051226e3a418ec0e033009a,1,1,1,1,0,0,0,0,5,0
review/B0BQ7KJ9NV.html,ee5564fd2eec4b2f8714afecccce790975c4847a0d9dd28a0463840d56b6672b,1,1,1,1,0,0,0,0,5,0
review/B0BQBRS3WC.html,90b18b2156ce78c257f7cf019dd5986859b88b0d183caa47c560798bcf221ef3,1,1,1,1,0,0,0,0,5,0
review/B0BQLLB61B.html,2f8e3031820928641ea1a3e2d2b4ff7517dfb8bbc063b3735d4d2967a38bf979,1,1,1,1,0,0,0,0,5,0
review/B0BR5B1S3G.html,33bad1a346e2a9cb785fca6bf5c2ec5d24b6e254bcd1b1fc761e5ea43d0f0957,1,1,1,1,0,0,0,0,5,0
review/B0BRBW94VL.html,fec40bf0f8e4708e10b95a3b4997a59358c97573fa03bf3ffd5124b47c941942,1,1,1,1,0,0,0,0,5,0
review/B0BT3CD75G.html,219862298a4fb182362952cc1649bee57a7ce5734cb4c48fa0141fcc14db083b,1,1,1,1,0,0,0,0,5,0
review/B0BW66YHB5.html,50af3c395a69fd8024b7477390233590ffb48a4ac2d12f7f61f5d7ef9f38931a,1,1,1,1,0,0,0,0,5,0
review/B0BWFQGH31.html,b789d9a36c6c679be164bd185e3020a6741067e6db49e935aada4c1cd27028d2,1,1,1,1,0,0,0,0,5,0
review/B0BX1H5MM9.html,756af9ca13ed84be93a2d610223e61cdcbc4f290af794fa7db641179aa1b4c6c,1,1,1,1,0,0,0,0,5,0
review/B0BX1JQ6LB.html,00d15ad67703f449b149e5d7491d44b246c632819ea44faacdca3722beaf617a,1,1,1,1,0,0,0,0,5,0
review/B0BX1PWTZ2.html,cce058871174b94960e5263396086996868ee402ab61893aaa76ef89f52da3a8,1,1,1,1,0,0,0,0,5,0
review/B0BX51KBL9.html,30cd7e9878cba42e974387819e8e611149dd681f5a941d62df4685c59f33b37d,1,1,1,1,0,0,0,0,5,0
review/B0BX52K6SH.html,63f3545e75bc703d6096c1e38938867a21f7d83206fc7d03ce64153f675469ed,1,1,1,1,0,0,0,0,5,0
review/B0BXB9N5CR.html,2138f6ef805a1b8ee0de46691d12bde4c32855aa7100c2d569e93cf24a594fa5,1,1,1,1,0,0,0,0,5,0
review/B0BXM3QFLV.html,b57dd5458ef8aa9df7734c2f3708783c59df9400916ce249cc3856dd7c6852ac,1,1,1,1,0,0,0,0,5,0
review/B0BXVS3TSK.html,41f0bf9d31774d089b38626fb6ea007a8ba4c5dba82ac94fc7253156b1c73bee,1,1,1,1,0,0,0,0,5,0
review/B0BXVVYCRN.html,e2efc3f08964771bea2f0b8c7674d95966f38d867ea9959fb5e86ca63cb08915,1,1,1,1,0,0,0,0,5,0
review/B0BY3L7ZQQ.html,70d3465c09debdb2fe725b3d30d91e72c2d706aa9673d03b577c6f11ba2e40e2,1,1,1,1,0,0,0,0,5,0
review/B0BY6YRT41.html,10ffde475786def14c036183e0debc1f390a486f47c5750948d7809cca83a948,1,1,1,1,0,0,0,0,5,0
review/B0BYQQPXS9.html,57523a0b860c27203b47dbcf9a1d4aa6bb23b20c45e3cb585acd5aefd4b8666e,1,1,1,1,0,0,0,0,5,0
review/B0BZ9T4KF6.html,5fecdcbe2a14ce5d4f59989b95e8a69fa4bc109b6b74622eb358b15bc2b55007,1,1,1,1,0,0,0,0,5,0
review/B0BZD3BMZL.html,30abc827f47440e9f0ff5ea8c036bbe30617ea7d23899d83f8637f2c1f72c14d,1,1,1,1,0,0,0,0,5,0
review/B0BZFH9T1T.html,ef5aac0080f74025f9a03ea46e37e8b713da4bdbe99b80d9cef705bc1d4ad998,1,1,1,1,0,0,0,0,5,0
review/B0BZQKCFSD.html,0988eaef464ef55d49ec0c43de185091b5f7ec90e11c12b707d0841d646c061f,1,1,1,1,0,0,0,0,5,0
review/B0BZWZ195N.html,f554b3ee490d9590992d5c19670841d302c6ed0bac876ff4baedef7f7d1f307f,1,1,1,1,0,0,0,0,5,0
review/B0BZZN5NWZ.html,6cb0a6a745a98320cb4e322cfc1d3a8cb5e97af75282b336e60714520acfbe48,1,1,1,1,0,0,0,0,5,0
review/B0C13BGPRH.html,40c7316395e7e4d2c32ad68ef1b43b643ecedf6f6eca0b217aab61738130d89a,1,1,1,1,0,0,0,0,5,0
review/B0C1T2HL7L.html,a771c0c986a3c165430a5bc78e178ac49c02c050e7cf6a79a9d3dab64c900c77,1,1,1,1,0,0,0,0,5,0
review/B0C2C96LDL.html,6c4b364a8a00662e3e6681172bf28f1844ad4986a8348f8fd67556d9c014f18f,1,1,1,1,0,0,0,0,5,0
review/B0C3888NZJ.html,945dc6827467a873688a357bc98c056c7ff18a69d8a8831bccd6f8c076cc82d3,1,1,1,1,0,0,0,0,5,0
review/B0C3S1F3P9.html,4f3eed4fffb724524da74184763358e24b02423424f3437d29df9bd3d157a163,1,1,1,1,0,0,0,0,5,0
review/B0C3T4MFMM.html,c5f16e132f0397d2daaa26a683a393f3b016b92e7759cc58a44acb38dcbc9128,1,1,1,1,0,0,0,0,5,0
review/B0C44XVWCH.html,eb9f97a0654ddb90adc5c20ffedd42aeef7c1f2bc3ad552e0ec7fc978b14eaa0,1,1,1,1,0,0,0,0,5,0
review/B0C482RTVV.html,6081ccdc3464142ac1cce334022481881bd8d7c42bf36bb827157c42b6ae69d4,1,1,1,1,0,0,0,0,5,0
review/B0C4F7KX1B.html,05045b892dc04673f0b64c280b34945bcc66ba8643c3f2a393556a7c1c9bf4d1,1,1,1,1,0,0,0,0,5,0
review/B0C4RHCVSK.html,a2454c5a79f5133973443314bc1e034e440c9bf3bf8fc49c017ac6c3b8ff1650,1,1,1,1,0,0,0,0,5,0
review/B0C59PPC2V.html,ea4cb87813ef9a99cc75444013e593dd1ade3b44515caf90b690e063202dd58b,1,1,1,1,0,0,0,0,5,0
review/B0C5JQ68FY.html,cad0c66939337a680795443a179006f4072dd9cd41b075ab454d48e015678e2f,1,1,1,1,0,0,0,0,5,0
review/B0C5S9CHMG.html,a101d9590784fb5d5e68b1cbb132c649c914a347e614bfc761fb8cb945fed45f,1,1,1,1,0,0,0,0,5,0
review/B0C5Y4SRKF.html,0fb844794ed3a5cc5c96c239b25e6d6fb3d374f97d328a1759e4507f5fa399e5,1,1,1,1,0,0,0,0,5,0
review/B0C69PNNB8.html,b4556d983582793d15f05be18fef3efbaeab235457104eff00316a427c3ed856,1,1,1,1,0,0,0,0,5,0
review/B0C69V5N6W.html,246b765b161b37249eb59f5df92bd08454ae8b3929050575955dc5eba18413bb,1,1,1,1,0,0,0,0,5,0
review/B0C6B31GLM.html,f94d3770518c413a585e278d67616b0d0fe117599f23b3559d81d14c13ea9bf1,1,1,1,1,0,0,0,0,5,0
review/B0C6HTVV52.html,252cc7055303cc2e7bdb63f256ba0ff6a736353558ad3e5575a556fb1b38c991,1,1,1,1,0,0,0,0,5,0
review/B0C73BFP5T.html,98012df9a66936d51869d2afc2405efd94b201016c04bbc894fdb886236e3e29,1,1,1,1,0,0,0,0,5,0
review/B0C74575CF.html,46dc364fcf1177ca19c3f38d81add9ed722d9d0d548e48a0c377fbabccf4a343,1,1,1,1,0,0,0,0,5,0
review/B0C74G9RLH.html,4a9ac287e23f531b8db86c6312c25c775dd1c05fc6c9ebc3238899fb746c803e,1,1,1,1,0,0,0,0,5,0
review/B0C77JWRFF.html,3025ef327eab253323852654ff53759d9a9f172bc438e620e51aa922a0fbe18f,1,1,1,1,0,0,0,0,5,0
review/B0C7GW9F88.html,74c45ae73005eb8c99efbb07affa69cd5fe6a677b2161561ab5f8ff69314425e,1,1,1,1,0,0,0,0,5,0
review/B0C7K49X89.html,c7d34fdb2fa49fd741207705bd4ea18a7f1309adba1ee3a0e6b6a36010d6a48e,1,1,1,1,0,0,0,0,5,0
review/B0C7L4K4LY.html,b078354446ff8571805c07d93581c7ae66a533f26d94f50ee3833f4ed6885f4a,1,1,1,1,0,0,0,0,5,0
review/B0C7LJFVZN.html,2137078b9dc136f935796102fd788d1cc105658dc8d27ae2f6248d5eb3e8f4e0,1,1,1,1,0,0,0,0,5,0
review/B0C7WCKXB6.html,83b00c687752f189f72994670e55b2ad7d0c79fec037be1e8d5103cf40ec8a3f,1,1,1,1,0,0,0,0,5,0
review/B0C8KXH3CJ.html,bde57135dae4df2d709a1b1c6a2f0df74b2c25bb59957ed390804d10d1d2024d,1,1,1,1,0,0,0,0,5,0
review/B0C8VLGRTQ.html,bdeb6d904bf05403de24954922659cc88da23e05f747bc15f4d2d9e6aa42f212,1,1,1,1,0,0,0,0,5,0
review/B0C8Y7X37L.html,eb10506b090092e4b2dc4ce711ce96a2bc51233a1eeaf9752c8e40d150cc6f74,1,1,1,1,0,0,0,0,5,0
review/B0C8YBYPJV.html,f457bc6954d281be646ce26cca14d591db9a7f4289df2318a4d9cdf6360f08da,1,1,1,1,0,0,0,0,5,0
review/B0C94GC8X4.html,a06e4b94860d278a629bd5011b11a420ba52728ba79ba928ce6b9e59c2e6daaa,1,1,1,1,0,0,0,0,5,0
review/B0C9YN4CFB.html,4b81492f6a481ccf9bd4fd0721e9e175a7b059884db3eb005195f04f47ce10fd,1,1,1,1,0,0,0,0,5,0
review/B0C9ZH329W.html,3548fc5ab2a84d576489e021d2601fe7c099e2500341dae4c8709e9d7d2a4e5a,1,1,1,1,0,0,0,0,5,0
review/B0C9ZVMM2X.html,021677885b37aa3b8370128c7feb7aab20b232e38c690a4598c55d805e182e3e,1,1,1,1,0,0,0,0,5,0
review/B0CBSZL7VH.html,4b231fe9be146d530aa6a7c229030b9cada2fe55947ca37df28efe93bf5c8850,1,1,1,1,0,0,0,0,5,0
review/B0CCF6J2Q6.html,70a275c6f69fbaf94e091676603086b6b8a2f150c1f680577a83ff75d4e8cf54,1,1,1,1,0,0,0,0,5,0
review/B0CCGNS86V.html,2eb468e685748c5961b92d20a77dfbe15c63cf5fd9dd19ab153078fe557390e3,1,1,1,1,0,0,0,0,5,0
review/B0CCLPZ8NM.html,128095ee93fbf6253f9042e24d7b41c54a917ac1e364d380c3c1c89272656a46,1,1,1,1,0,0,0,0,5,0
review/B0CCYYYVWG.html,d53ce5d320681f09614abb0f6fcfd5c0475765fbafdf340e770d0c1d3b3ace27,1,1,1,1,0,0,0,0,5,0
review/B0CD2RBWM6.html,e5d23312567ccc2446a7a095be2d7c7ecfaad821eb3883012c1766eb701247be,1,1,1,1,0,0,0,0,5,0
review/B0CF2D2XSG.html,e733f769dc58097436cf067b9a37f5a1f2b5f69baf7937a189495167a713bc4d,1,1,1,1,0,0,0,0,5,0
review/B0CFB956LP.html,0607c35e00e2503f69b3ef9447e6bce9b006b61e27cf56f0beb20ca856545427,1,1,1,1,0,0,0,0,5,0
review/B0CFK42YQ8.html,7821194cfa71d887efa271eb66ad91eafd8f0c0b443b8df661433b691ec9eed8,1,1,1,1,0,0,0,0,5,0
review/B0CFM2QNBH.html,6b5974255db25cca537f195f308dbeb50c88e11d007cf7b0c9403589109b262a,1,1,1,1,0,0,0,0,5,0
review/B0CFTFG12B.html,de4eab3b6d951ca20d4878fb2b7345b3d4901faf719a091d1087cca65a4d1242,1,1,1,1,0,0,0,0,5,0
review/B0CGCHWKH1.html,cbfc70491e23152464aabca201d2fcb20ceafaeeb8b3b5dd003f21c321e6d4d2,1,1,1,1,0,0,0,0,5,0
review/B0CGJ1J5KL.html,ad9073dc921b6baacadafff3ba09e6a8b00e14af78e71e978eed3dddad29d74a,1,1,1,1,0,0,0,0,5,0
review/B0CGJ4MLC8.html,9ee79a6d136bda626dba92b2bfb73093c9e0b85928258de83a31cb3547dbc97b,1,1,1,1,0,0,0,0,5,0
review/B0CGJ9STNF.html,0866fe4e79dbcedb9707c3c50e1af3dd5fd6bb6a6555ea569393aa847f321aab,1,1,1,1,0,0,0,0,5,0
review/B0CGSP67RY.html,8db7f75b20a2f54901eb5c8644ab43876388cd7b5b0f36280db0d15c5a205a8e,1,1,1,1,0,0,0,0,5,0
review/B0CGY95ZZF.html,bdae9b5defe48a2424931f5df13a903ceed132305467555f13c2d7920757096c,1,1,1,1,0,0,0,0,5,0
review/B0CH9WTW56.html,e444abe24cb535121f2c2b36eebf784ec39d945003d0073c8f74ecf41b951296,1,1,1,1,0,0,0,0,5,0
review/B0CHBH63YX.html,4c79f454fd422067620f494f7a4f6810e3c1e8bdfea9bf5f63ad523d7c3698dd,1,1,1,1,0,0,0,0,5,0
review/B0CHCNJLVT.html,cd592e1826948a2c24de0372f06ad0ea064ea28220905eb3d9f57e914b466ea0,1,1,1,1,0,0,0,0,5,0
review/B0CJ9ZCMQV.html,987826aefb9cde44d73cb4e5e906c62fd42ade7df4b30fc6d8292d8b3bc6dbf6,1,1,1,1,0,0,0,0,5,0
review/B0CJGQH7Y7.html,a5aa54f3b6c7dcf71a8beae76fd1d1c473203360b4aea5ce49b585162bc56ea4,1,1,1,1,0,0,0,0,5,0
review/B0CJHD3JZ8.html,43d608daf36f208960f668c5794417b465a6403b524e35241b0e6e4b35a9eeb0,1,1,1,1,0,0,0,0,5,0
review/B0CJHZ92P6.html,5e1867141f02196fb6f01604086103d1b4480d6768848ddecd1eb66c623f8e11,1,1,1,1,0,0,0,0,5,0
review/B0CJSS3ZC2.html,99c1e5444b089754ec8efa281a2f0eeaec07b517b3a2ba2509236c9b2edecdee,1,1,1,1,0,0,0,0,5,0
review/B0CJTB2QV2.html,a08ce98fcf44a1f0eb6297ef33012aaf7637ab0d17a3566d4634da5ced413863,1,1,1,1,0,0,0,0,5,0
review/B0CK2DNDZM.html,960d98b1ab83a39d408d7630c47fe29aa12c373d70cd9161c40ea5975221d9fb,1,1,1,1,0,0,0,0,5,0
review/B0CK2DP7FX.html,faf0a769bdb9f1b712182d4f39a73ddbe053c789911d8a71a4fa5cb174367059,1,1,1,1,0,0,0,0,5,0
review/B0CKD98ZHR.html,095a1afb4125e8877deea55ae6c06f08dcd1944b2fd89c3c1b439090cd113c08,1,1,1,1,0,0,0,0,5,0
review/B0CKW5HG4Y.html,211f5793fb0b13861356fdba55dd0fa13c16720c5f597a3d61d95cdb994d466b,1,1,1,1,0,0,0,0,5,0
review/B0CKZGY5B6.html,5e21ed82c77ed009ae8233238c3adb29d00632db5c74d8a66e86cf0997d914c7,1,1,1,1,0,0,0,0,5,0
review/B0CL5HJNLM.html,ee2541c86c3ba15fdab214064939b005e14c5f26bac42568461e6683f12cb831,1,1,1,1,0,0,0,0,5,0
review/B0CL5ZCH1J.html,80e515fcfe9ace1050a2feb857490539c1f7475a144a655d4c2f1e5b427daf3a,1,1,1,1,0,0,0,0,5,0
review/B0CLF9DLQ5.html,57250da6f6d9134d8526325fef0095de86c608a17d37d5b88785250674587fd1,1,1,1,1,0,0,0,0,5,0
review/B0CLMDP1VG.html,3ed2bbb03805d90b77b8dcf302526b8b478f215f13f6690897334de59e554bad,1,1,1,1,0,0,0,0,5,0
review/B0CLS8XXGF.html,5aa6f81cb65e59e7f99efedf62f5d247de9fa4e452b577f219d1f9f12f2684f8,1,1,1,1,0,0,0,0,5,0
review/B0CLSGXMYN.html,af08d8cb338ba65f7865546ca20d9fad8a8e1b560b111db8652e348797ad7a47,1,1,1,1,0,0,0,0,5,0
review/B0CM3C9HRG.html,698433d7fae4d65f7c6e5b669f145f3b4ea9fc62bc02a5f5b889378218ba5d5e,1,1,1,1,0,0,0,0,5,0
review/B0CM7XQBJG.html,9c728f67aca2f35604a7b020e783e339a1070b09e7031968b8693a3787728055,1,1,1,1,0,0,0,0,5,0
review/B0CMCQ6WMC.html,d124e8106510fa4df1206df8d70c2d845c77f8f813df2914665e9b978a09a7ad,1,1,1,1,0,0,0,0,5,0
review/B0CN11S6WV.html,9f11e917edb3b443887b1e97cb2ec48626c924b10d8b0fc168c01eb28835efb7,1,1,1,1,0,0,0,0,5,0
review/B0CN1CDG6Y.html,8848f3f60364e22e8af860ab5a4e54e1fe4aca6a868d5ce7f13717f0d31ea79c,1,1,1,1,0,0,0,0,5,0
review/B0CN3N3591.html,31f7ff538e901faa55b6704bce1ea625331a3d713db643e98bc85229f64a82d2,1,1,1,1,0,0,0,0,5,0
review/B0CN5LL1QP.html,9d3f3312825d0ca2de8159900ede10b908da3fc2a950d39a195addc84c4db27c,1,1,1,1,0,0,0,0,5,0
review/B0CNP3ZMXC.html,e489d8a3e231137688d9e50f48ac7bd73ba7e9d42426a2262fa10e9578107e0c,1,1,1,1,0,0,0,0,5,0
review/B0CNP417V4.html,a54a24e086db606c94165e1a0102d01127add4ab379731852c1b5bc977be3393,1,1,1,1,0,0,0,0,5,0
review/B0CNP53LRK.html,265e9e167896fc906fb367654b75013bd5e69658643c5890e6c701a5f8f1507b,1,1,1,1,0,0,0,0,5,0
review/B0CNWP4C78.html,3e35933e6ffdd4a00ba60bfe3cfc019e7d2890a9e09f7cc5c91c3fcddbe19899,1,1,1,1,0,0,0,0,5,0
review/B0CP2Q75HM.html,71bd00182cbc184a016e755b920c5415cc88a2ae19bee1ca4e027cdb06d1e218,1,1,1,1,0,0,0,0,5,0
review/B0CP4TKLSX.html,87e0db70cf80cb143e1b0a88ca72d92828a66b914ea1d935c163cc58e3fc42e0,1,1,1,1,0,0,0,0,5,0
review/B0CP6BG9QW.html,da02babeff1623820db791f6d3ac9b96ee98321a19534b2ed53e0258e3cad736,1,1,1,1,0,0,0,0,5,0
review/B0CPFS98HH.html,ab1452c5fc748d9a89d83ca93ce2b1a1bd280c64bf83f21c9e91c809342a7b0a,1,1,1,1,0,0,0,0,5,0
review/B0CPM6KKFR.html,daa148c1c54951513a2afb860afc3f40b5037d061a9421f343e66ada8424e8df,1,1,1,1,0,0,0,0,5,0
review/B0CPTCXV53.html,d8dbcb841d70d13b917d9420ef4822a132a1859ebe6a20c2d5e4b12d5da58dc3,1,1,1,1,0,0,0,0,5,0
review/B0CQ4JBKW3.html,76cc828cf8a52b4298498a658dfd1a6119ef8833535473cea16c8d20e5763249,1,1,1,1,0,0,0,0,5,0
review/B0CQ4JV8D5.html,a165fc2544f5aca279fc5c19e83a7c92cc9f5f3029582615010cd0780baaa43a,1,1,1,1,0,0,0,0,5,0
review/B0CQ53BKWT.html,aab802b5053d20aa0791531f5af34fe4f27b9febaf36e441f07bddbec49e0588,1,1,1,1,0,0,0,0,5,0
review/B0CQ59TXFD.html,e9190e9d7ecca96589f8cd469f86fd09afd66fefd891a9a4497793cca671d20a,1,1,1,1,0,0,0,0,5,0
review/B0CQ9FH3YN.html,451217b0d74f66e5e7fca9322dfe942ccddd5d79260d4ddc5e4beac6836d447b,1,1,1,1,0,0,0,0,5,0
review/B0CQKKHT5J.html,ac7eba8e66cd0458c3d951d2657c683320bc646b0e8b8738bf1842cc080f753f,1,1,1,1,0,0,0,0,5,0
review/B0CQMJN49P.html,e6967ed474da4d9545dc9920b68966fabb8ebbc78307c9f28b20f59093e2632f,1,1,1,1,0,0,0,0,5,0
review/B0CQMQY2V2.html,da7c7320dea9c8fdb70492007a3f6160ee35806e59e9ebeb6d764a14bffdbc30,1,1,1,1,0,0,0,0,5,0
review/B0CQXKMFHY.html,94c0237dde1e48ac0af381124c004c2929224107eaec58d75b02dc845a2e34dc,1,1,1,1,0,0,0,0,5,0
review/B0CS4QS2LN.html,2f08d72e90e6c3c3d52bb9b61a5f3d79d65175f5b58a086d8b48e27d1219f956,1,1,1,1,0,0,0,0,5,0
review/B0CSG8Q171.html,fceec6f0c4ca8ff7185d44177948a214654536bcd059bfdd5e48f288522cb86a,1,1,1,1,0,0,0,0,5,0
review/B0CSGBBJ3G.html,8a7714635d3a3c96ce05e8f6673fcfcf8ac0380bf08289cf7c5faf53c7c3baaa,1,1,1,1,0,0,0,0,5,0
review/B0CSPNYB42.html,2374e0fcd69186891279117b25886e9ec52cb2dd4c96787d23093df4d53bdb02,1,1,1,1,0,0,0,0,5,0
review/B0CSPRNRZC.html,45adc0bc292115bf672cf7447ee8fdd4be1a5fbac5c2d1af6393a9059d6328af,1,1,1,1,0,0,0,0,5,0
review/B0CSTCZMQ5.html,308014f54078b7e4a4aea9a466c44bcf4448b594d39f2b9c9baedce3b5d73fe4,1,1,1,1,0,0,0,0,5,0
review/B0CT4MQ9G6.html,57f71a3854797edda5c5ec0d4915458c57eaf64cfeeaf124e20de0771fd84da6,1,1,1,1,0,0,0,0,5,0
review/B0CT787NLW.html,709f2b90e377c0a0c9799ce3014651f882662cd5fab08af44fcb66c0d7b1bde6,1,1,1,1,0,0,0,0,5,0
review/B0CTKXVZXZ.html,dd24d37ae564ae0f03328404a77be073e72e665e4bf4db1650127f5132647deb,1,1,1,1,0,0,0,0,5,0
review/B0CV2539KJ.html,d813456faa4dcb30dce5bb80b1a401456ca1de50d54a7419190690ea6c7e9b44,1,1,1,1,0,0,0,0,5,0
review/B0CV2C7WTB.html,dc2835b629bcef95808ccdba25f43a05555e9b7c6bf97ebf70996c9e8e679d2f,1,1,1,1,0,0,0,0,5,0
review/B0CV4J2JS3.html,5dcf8cc13bb086d3a91f79628c91522bbc95d7a01a98a9e1c449154fe8f903aa,1,1,1,1,0,0,0,0,5,0
review/B0CV4JP1LD.html,934fadd831239768498adef420b420244ab094c04d904e700976b99306b39294,1,1,1,1,0,0,0,0,5,0
review/B0CV5RYV78.html,09d66f31d3cb5f55d1f9be61b0da68691bc649e667c5972d721d9deb584338ea,1,1,1,1,0,0,0,0,5,0
review/B0CVFQRFC1.html,bf1b114c6f3bf570111e77a7e00d62bce8205c43bce670b18928be8d8947bc70,1,1,1,1,0,0,0,0,5,0
review/B0CVS7MRGT.html,f72986fcee3dd0f7d95e3f7f27c734224ccdcc04ad4369398ea168f2e88dfab4,1,1,1,1,0,0,0,0,5,0
review/B0CVSDK499.html,4b993e09529e69966b2021fc79b1f944ce624e803b7c81a646f6116167f14cbf,1,1,1,1,0,0,0,0,5,0
review/B0CW5RNMJR.html,970a85d409219f492921dfdac477629a19212178422f9b9a1510a553e265337d,1,1,1,1,0,0,0,0,5,0
review/B0CWHXV9D2.html,857e45edbdbabc8991e7869f448f200ae646cc1ef5d9eb9db40581e8e9465f48,1,1,1,1,0,0,0,0,5,0
review/B0CWHZ3VC3.html,dcfe9bcda4feb6e4993a0f35ff3546b48970e5a3f1f78783818dbc586121f55a,1,1,1,1,0,0,0,0,5,0
review/B0CWJ626RQ.html,a5d7e5198f5034c25d7a4fdcdb4ad84a7816ab9fe44e7ff9ad80b76a9f71ced7,1,1,1,1,0,0,0,0,5,0
review/B0CWLSP9FG.html,65e7dd319106135d84fc5408cc38c3076c7062023b7ef5bebfc38193b3b5998f,1,1,1,1,0,0,0,0,5,0
review/B0CWN59YCZ.html,c452d930c3547a6909d0bd8a9a72c8f98a89b470ee5557f128658f2e70cf2ff8,1,1,1,1,0,0,0,0,5,0
review/B0CXL7X4QT.html,3dd04465256ee69cacd1fffcd1c611f32f9840e2ce670fe2dc6bda05ee9c0d3d,1,1,1,1,0,0,0,0,5,0
review/B0CXLH6QHL.html,11aff8315a2eadc795a8c245eb3668a611cc67b98d5abee066de9a9dbac1c40d,1,1,1,1,0,0,0,0,5,0
review/B0CXPXBF2M.html,6ccb21717c917b593aeb1736ef0ad12fdadbbabc8bf806ac8e7d5aeb9188eb36,1,1,1,1,0,0,0,0,5,0
review/B0CXQ7N9Z6.html,40f072411f8d8ab21c773c02bdbbe83db0a10bc2836eedb8c84546e52eba630a,1,1,1,1,0,0,0,0,5,0
review/B0CYGT9CWW.html,58c442ad1de6da1f5c45f06dbc616207e3dcd3f631230dba26ea757f1672d2be,1,1,1,1,0,0,0,0,5,0
review/B0CYW2N6TX.html,1f589938e7174d8d06375179d9921cd9090ef6f9f4b380593dfce29a7d741ab7,1,1,1,1,0,0,0,0,5,0
review/B0CYZGCJYC.html,a4edf6e576ca5f655f7e67e0099ccea16a8a76e08ae0422d41ea78c913feffd5,1,1,1,1,0,0,0,0,5,0
review/B0CZ6VB7QT.html,5f5d74b6f5149c52bbf65e1ff15a195e44cd1a72c4f4c091c76433bf916801ee,1,1,1,1,0,0,0,0,5,0
review/B0CZ6VJSV3.html,40d19a1da38449e9ebe7075f7e07404800f4eb0172122b861c3a80b2ab83e5e9,1,1,1,1,0,0,0,0,5,0
review/B0CZMBVLMW.html,a370ce3bd8d52c3bd2147ade57061fdfbb3232b1fa54aeb4ea3058b3b113c176,1,1,1,1,0,0,0,0,5,0
review/B0CZPK8MYH.html,31a6e760981808b8262e567bc1cb7d72b4ba419abcf6fb3b2e9c28bf87523f46,1,1,1,1,0,0,0,0,5,0
review/B0CZV22HDF.html,a4090fb88a15981c9f713692cc03c6c203b478cb786a9822979dd612768057de,1,1,1,1,0,0,0,0,5,0
review/B0D1DN9GR2.html,a976d3a57c26cac7a6df5412c67bee4c46d5df95726412b5a1c44a82dd903bdd,1,1,1,1,0,0,0,0,5,0
review/B0D1DSW8TF.html,c9144bf2ce29c1f3c2a62099788b7381c96a3cf44017ab11be7902259cba2552,1,1,1,1,0,0,0,0,5,0
review/B0D2JD6P86.html,801c1765f87af75005bba223db23beab00ced3e4260c8d26c58a5312ab444f6a,1,1,1,1,0,0,0,0,5,0
review/B0D2KG7YCP.html,3467f0cbf6c97464f5e09492231481022e3ec8fa8ae45f8d0952628c424b0a67,1,1,1,1,0,0,0,0,5,0
review/B0D2MHBXRR.html,f8b511f23ff51f3760ea32ededc5c8552b12fffc4663fa6a386a32fe4835e2e7,1,1,1,1,0,0,0,0,5,0
review/B0D2QJ9W2G.html,da886d7c6a3ad1f37a10b61e68c58b145b56f97a9894772276d59c4a5cb057be,1,1,1,1,0,0,0,0,5,0
review/B0D3J76C63.html,4ab2f89cc36d8932138aa8fac56ff8031393f6760ca788d6f0de5a261c2489a2,1,1,1,1,0,0,0,0,5,0
review/B0D41SDLTB.html,59b9dac19c48eb5deacdda9fa2b930d23c0911c0fc8f772f5e5a55ade9cceda8,1,1,1,1,0,0,0,0,5,0
review/B0D47Y3PQY.html,30071bb445c0c8c84ac996eb822dc4897e8737773137d84ceba61784eaa1cb26,1,1,1,1,0,0,0,0,5,0
review/B0D4F9PJ4L.html,1319306f90ae651f168ebc072ac0d8566bccd79f4695be18ae6963717c0e3345,1,1,1,1,0,0,0,0,5,0
review/B0D4FCT4YG.html,1bfbc73ff78c52da5f0c65b33cd5e3ac4a07d7a886852ec8f2e9bd5c904694a8,1,1,1,1,0,0,0,0,5,0
review/B0D4NRBBMR.html,4e76e2dc3c406e85753ffb1c8a14e9e2a97fca205379c01f0a422e21697053f2,1,1,1,1,0,0,0,0,5,0
review/B0D4NSS9XV.html,5f4869e57f85613513fc830d85a288b9a1953f101f6eabc519a1bc77a2239519,1,1,1,1,0,0,0,0,5,0
review/B0D4R9DCYW.html,2125e110b853c35cd684c0698949c9e76a301986ad9a01128b6bd56e9af6e90e,1,1,1,1,0,0,0,0,5,0
review/B0D4R9NNJ3.html,99d64aa909d4eb1a9a0a1bafa7e7163579ca5a28e51f771fa7964b57035afbfd,1,1,1,1,0,0,0,0,5,0
review/B0D4RDJC93.html,ec319850f55284c78fa462b038bff36e82341dd372e8aeb85acc7264113a21fe,1,1,1,1,0,0,0,0,5,0
review/B0D4RJGFDT.html,3010eb4de39a47083296aa07d622eca5159b2e40556de041071a49efb7fe3fb1,1,1,1,1,0,0,0,0,5,0
review/B0D4VLZXSS.html,05e019e0adcbb9efd1a3be95a52a9689cf71e429cde7b3f9b017e47615bda1fc,1,1,1,1,0,0,0,0,5,0
review/B0D4YMTFG1.html,b9c9dfbc0e842977e0c0e612878976fbfe7cc84b99c2bacd22369cac95f56127,1,1,1,1,0,0,0,0,5,0
review/B0D52KLTC7.html,cfdd95182f117e8ee5a0996dca9ff2a3091ee90a3bd5b4cf3c4fe769b111ad2e,1,1,1,1,0,0,0,0,5,0
review/B0D52NHH2J.html,4092b8b0e9554d7c6f1b0189ecb8f7c087d33aea5db3f15e4dfcf2d8ffbd31fb,1,1,1,1,0,0,0,0,5,0
review/B0D5BCR8KT.html,274e8bdba68d3c736dc1a186b2546290e9821fc6f51a3bde361fe4c24ca260e0,1,1,1,1,0,0,0,0,5,0
review/B0D5PHHCK5.html,869abaa1bd8b4f669112cec54eeeb92b7e7e65c8b05abb9ec90ff3b72faf9982,1,1,1,1,0,0,0,0,5,0
review/B0D6DT84JD.html,f4edcecce5a41218a602785ecf7b840356578e93b0a84aa3a6ebdaa48c85acbb,1,1,1,1,0,0,0,0,5,0
review/B0D6FP8Q4J.html,2b82a61e2839142e48c26572b1198fa677d2d52afd20410c334a6cb7ba02aac1,1,1,1,1,0,0,0,0,5,0
review/B0D6J5Q94Y.html,155a04c7d5b6b317f05a623da6913b1f9514bdb7a50efae0b72ea4c7d9366521,1,1,1,1,0,0,0,0,5,0
review/B0D72TNXSC.html,ed2533d91e23370e0c67588afac2512478faf38dc4e9d0d5974135289a3ccd29,1,1,1,1,0,0,0,0,5,0
review/B0D79CVMTG.html,3901abc2b8b3ea2cb6637aa3aee04b8601a9c216dc43a7e94e1dfd61e25c2a9d,1,1,1,1,0,0,0,0,5,0
review/B0D7J4X75B.html,9fadb6be18a5e2f19484c47984da1aaec52367447f2dacf5952fffc4a8cb4a30,1,1,1,1,0,0,0,0,5,0
review/B0D7SFXD2L.html,2e63b309e7c955f6a0a2c5381328a8f6d75f7c302c35d8a0eee268d6fe760d36,1,1,1,1,0,0,0,0,5,0
review/B0D81D1358.html,ca48f9e0f83a97bc12d010ed78582cbac06149303d211ce48286d4e6dd76eeeb,1,1,1,1,0,0,0,0,5,0
review/B0D8CLXGPF.html,c7a2e18f53f6db350b0f9097de436168af5f4a4222b761000350e1322d8a29a9,1,1,1,1,0,0,0,0,5,0
review/B0D8FBH79Z.html,d38624f5425e060b137b841a1bf69e1e84d1c78b6fb7d5f0f5765d24899d25c9,1,1,1,1,0,0,0,0,5,0
review/B0D8KXFHJ1.html,f8bbc1e2cb068ad207edb7dab1c15771b76082a9a1157d293a6e1b0790622a40,1,1,1,1,0,0,0,0,5,0
review/B0D8KXMCTC.html,b905ec83f99d4363076fc03ed2549a97323a3b91b0c49333569ab727d1cf894a,1,1,1,1,0,0,0,0,5,0
review/B0D8Q2B7M1.html,2fd566286d4597fcc1b2f86b9cde42eef99c287351948b39c36b9ad4d7cafe8b,1,1,1,1,0,0,0,0,5,0
review/B0D8Q71C31.html,0016857079a8a46d594c5caf67e92d41e700c9a8e090ff030424f4c8553e6f77,1,1,1,1,0,0,0,0,5,0
review/B0D8QJRBV3.html,c616cc15f24f433768d9c75554342313194e39a307437145ac59ee61f2b95711,1,1,1,1,0,0,0,0,5,0
review/B0D9HKTGZ7.html,b752a588778d1cdfd0b133a704f3f3ab69c1bf0162215f80ae107ec6694697fa,1,1,1,1,0,0,0,0,5,0
review/B0D9HN37SL.html,76e8fc9d995ff7d8e5619e033f4fc6bc1653bdeda4e201b124d1b76760531556,1,1,1,1,0,0,0,0,5,0
review/B0D9MCK4R8.html,98cbff241554e5959547c8884a61c2cc06759c3ca990bfd95ef8172cf9788954,1,1,1,1,0,0,0,0,5,0
review/B0DB2K842Y.html,13fa743c0a9cb5f36aac2c1b22d824d2ceb5892e2f689593c5c2c18eebf97fa8,1,1,1,1,0,0,0,0,5,0
review/B0DBB7YR21.html,26710b99b7c6d7da14c59e19fbf518263d23b70bf28411d5845d6fa04385853e,1,1,1,1,0,0,0,0,5,0
review/B0DBHW42MK.html,08ee0fd0888b1c847fe9ed38a768d7caf6fa6a60481c4fefa2a0b1ad921eaa37,1,1,1,1,0,0,0,0,5,0
review/B0DBLP2438.html,f380a6e79edca3f2ec971cf47fa699ef0fbca29c2d9bddb57086933c5fc97c78,1,1,1,1,0,0,0,0,5,0
review/B0DBR9RZLV.html,4bf2ef0888e8913fb6727e8d22134e61f45188c5de343301e7675e89c907a680,1,1,1,1,0,0,0,0,5,0
review/B0DCW6W5BK.html,ba96481f0121169ae9c3ad794e275e10c07252f6190929674409c55699f9aaa5,1,1,1,1,0,0,0,0,5,0
review/B0DF6KC6Y8.html,8aa78d0f402a9c6f90a1eae59829be4cde438f9323a31c0aece822f2ddea272f,1,1,1,1,0,0,0,0,5,0
review/B0DF7C4YPQ.html,e37103ca542011818b3d58140b0927518fd92f27308de74df403ad0028a09cd7,1,1,1,1,0,0,0,0,5,0
review/B0DF96C7L6.html,fadf114aa337d2b3c7506d519debe46adf1dee3810402595b2711796ad476f3d,1,1,1,1,0,0,0,0,5,0
review/B0DF9ZLFTN.html,4b4ddc72619699641d4fe6c2837654b0ad8544f607873429785138af357d10f8,1,1,1,1,0,0,0,0,5,0
review/B0DFDQM9PP.html,2ede3482c2583c803b00eba403f4bef0900f774fae8cf841e89cb13f5875628d,1,1,1,1,0,0,0,0,5,0
review/B0DFHQ5HVL.html,3b51a960f0e513aa470582545ce8fe21d23dbdd3cf05b0905dafe172a8973273,1,1,1,1,0,0,0,0,5,0
review/B0DFK2WHF8.html,c6d645c67beddf90ab2df83a16a5eac89e934cdb52944054b8cffda7d509d3f7,1,1,1,1,0,0,0,0,5,0
review/B0DFWVJ8B2.html,48237504a9d0994dbc080ab612f92e7c39551eaa4c6a7025d2f6cb74b0aafa14,1,1,1,1,0,0,0,0,5,0
review/B0DG4K31QP.html,f27bf793c41f3d2a1c3b6e55cfe0ce16a7df0ed813796d4b64c7d545fcca15c2,1,1,1,1,0,0,0,0,5,0
review/B0DG62NQ33.html,89dd51ca6d9d179c99156f18bf278b0d4fda5b93ef6a38f6076b366d87a72700,1,1,1,1,0,0,0,0,5,0
review/B0DG6HGF93.html,d9cee86160239d22e23f154843965031c194ad2e7f51a3809056927ccc4c4cd4,1,1,1,1,0,0,0,0,5,0
review/B0DG9X4WHW.html,39dad70a12150a9c3df2068c7268d28c2b0d15f06c522b9dcd39f182a63e28e9,1,1,1,1,0,0,0,0,5,0
review/B0DGFS7QTL.html,34287ba08bc8ab3610ce6a705bc241bf7d5bb0551713be54024152f31e729cf7,1,1,1,1,0,0,0,0,5,0
review/B0DGMVGY15.html,9687641eafc407dab05caf1ba7e2892cd778d1fb1f9ace22adcbfd5932202af3,1,1,1,1,0,0,0,0,5,0
review/B0DGWKYY6B.html,aee49b09164f46c865ac03ab3307db49a56d4079dc2bcdc1350132e0f2e69a61,1,1,1,1,0,0,0,0,5,0
review/B0DHM73PR8.html,2a00926f47c201ad93bb0e06769767f3b1abb479dd02d77eadaed28092dc280a,1,1,1,1,0,0,0,0,5,0
review/B0DHYG29HF.html,38008caab10294042395a6e99e63fb5e912b35aa9a2ccdb79bed75601e57489e,1,1,1,1,0,0,0,0,5,0
review/B0DHZ51BTQ.html,91b862e7ba3ced6433e9f6b8f97c0887831046992793bdfb928047cd47c8c91d,1,1,1,1,0,0,0,0,5,0
review/B0DJ1T9VXB.html,92b0b377038c49a3cfcd26401b00f2e6be2289aae00617e64bb1103388f39596,1,1,1,1,0,0,0,0,5,0
review/B0DJ3GQL8W.html,baaa023274c5878821a8f565e9ace548b11994d781f99bf19af3499689cbd7ea,1,1,1,1,0,0,0,0,5,0
review/B0DJB25PF7.html,e0ff9b1fa73d66f0656395b2e3d362e3a1010bdc3d1ba8d70ff5446b570e27be,1,1,1,1,0,0,0,0,5,0
review/B0DJCDRXJ4.html,9b3c01404abc0e0487e5c544d1b14567889d0ee6185a2e6336472011689f5727,1,1,1,1,0,0,0,0,5,0
review/B0DJG1S4J3.html,3ccb8e54174c3d42447b7a82978edb36043f98f837b029334f7567be4a812d1f,1,1,1,1,0,0,0,0,5,0
review/B0DJMLBPS1.html,3ed4fc3da5fd504d971b24225cf9554a5cc1e709e492d6577572b5e57a1cfd33,1,1,1,1,0,0,0,0,5,0
review/B0DJPXMB2Q.html,458297fa72e6396dca7246dd78136dafd8253a58ab4161fbfe346b0a16673a59,1,1,1,1,0,0,0,0,5,0
review/B0DJQ11WXY.html,4d0fe603950c4faf69a8effb3c3072f6ae091a84ebe5de79a552f17a3ef92fd9,1,1,1,1,0,0,0,0,5,0
review/B0DJRVQJ2G.html,a99b799567d2b07611ec12c413d7c8e66b59aca9481e179e37c437d29f08936b,1,1,1,1,0,0,0,0,5,0
review/B0DJX896H4.html,b2ea285f8271bad63b535e90345290a0a275c982526f324af2a7150ea44aa70f,1,1,1,1,0,0,0,0,5,0
review/B0DK1C5LWC.html,35378f46b810c4f7f116cc4259f7aad5b4326fa8943b67ce29ea170ae90329d1,1,1,1,1,0,0,0,0,5,0
review/B0DK74LG91.html,b4afe1b2c1fd75144eee7b19df943fbb9ec9acba4f3d7ae8d9c49159a9755295,1,1,1,1,0,0,0,0,5,0
review/B0DK7GRYT8.html,9ec7e35f57a23bd5d6a9353f189c889f2cfcc702a5254bb6a47045ac32318a7c,1,1,1,1,0,0,0,0,5,0
review/B0DK9LMBQT.html,e3e458db6d54660e2f0dd6f043a38c102ad362d1680200e2b94ec83db1d46fc2,1,1,1,1,0,0,0,0,5,0
review/B0DK9TQGF9.html,067b43c82af198c7ad58c046dd460f73c779fbf3eee689b0c2033acbd0d57d44,1,1,1,1,0,0,0,0,5,0
review/B0DKPGQT97.html,bd5b365ac1a47ef8e7165a3a7a12a7caa3284edd88533f90f42b9c6b8ee466d0,1,1,1,1,0,0,0,0,5,0
review/B0DKVF2LNB.html,068647613c6b67d20a31a78ca823e2aba8c5e0ceafb65ce09bcd2f7ef8749d86,1,1,1,1,0,0,0,0,5,0
review/B0DKW9TJ23.html,1cb19da72991d96f3011cae7ca732fb30724674dc82972d5311eb914dbee36e5,1,1,1,1,0,0,0,0,5,0
review/B0DL55NJ2K.html,19af295e978288497f5a896df0b56c5fa5731885f02bf23ec04d413bf73068bd,1,1,1,1,0,0,0,0,5,0
review/B0DL7CVGV5.html,27c86e93c2c417c1da5ee448706bb77a06c2feff5aaf45f178eb6b5877828d97,1,1,1,1,0,0,0,0,5,0
review/B0DM4BRSV5.html,821961a2467862b9658f6316928e4b1a33c4d0ef1263cdd5902678e32f20c7ec,1,1,1,1,0,0,0,0,5,0
review/B0DMSKLY91.html,3fe65ea05d13211420281b22161af2419f4029bd66d5486d87166fdab30ff32b,1,1,1,1,0,0,0,0,5,0
review/B0DNQV6FZP.html,093e360eddadc800ab311c40bb7c64a7c8f612dca428af2d42fb5e06cac2e104,1,1,1,1,0,0,0,0,5,0
review/B0DP579DGJ.html,c2e8fb2cde3eb76a8adffed7a4f44dfdc24f2e5c5f17090df69f46c8fb1d4a0b,1,1,1,1,0,0,0,0,5,0
review/B0DP5J7RYH.html,3c2a471f339a7d16523df191724f04338ca9073d997757b2692ea1fd65301a40,1,1,1,1,0,0,0,0,5,0
review/B0DP7NHD6W.html,dd5c6048f0282a565633cd6d244e2b61e1c60134bbb79e709de71873184e4be1,1,1,1,1,0,0,0,0,5,0
review/B0DPFR9Y3G.html,0f5a57ac7da49ee50223ad1ba6b3eda6a546d1aa4d40bfc5498885676db008cd,1,1,1,1,0,0,0,0,5,0
review/B0DPNHR9H3.html,8b41801afa5334c5f85987710cbfdddedb111d279478a1f390b54048f7b3bcda,1,1,1,1,0,0,0,0,5,0
review/B0DQSJYD12.html,3565c766a1dfcc6d426b74130da19760929e30c6cb108863eaf0063fd9a77f86,1,1,1,1,0,0,0,0,5,0
review/B0DQVMXC17.html,f5a14eed00e1ed4fb93bc0740654c404e828560fcbd4ce82c7e3f79f0167725b,1,1,1,1,0,0,0,0,5,0
review/B0DQWKSQGR.html,1daab7c2c9d6a8ac1e4cd1d3d6d1fb45402311a1dd2b4165f31372fae9c03119,1,1,1,1,0,0,0,0,5,0
review/B0DQY58QZZ.html,c36982976145569a0eefa8e305cd6b998934d70177e53e6da24180fcb3b77c25,1,1,1,1,0,0,0,0,5,0
review/B0DRPRZMK2.html,f42bfee25a96023907ad905592dfa2713920531ceba61ff567f97889d68a24bb,1,1,1,1,0,0,0,0,5,0
review/B0DRTW2FR3.html,63ba23c1d05dc40cca862fe70343972ad90f3cc1b8f84c58affa0d8a6399335d,1,1,1,1,0,0,0,0,5,0
review/B0DRY2VVHP.html,e3a1cd043b3a7b204eb23a42ba1f0bebcf441e75654295dbba88f71a93cadfec,1,1,1,1,0,0,0,0,5,0
review/B0DSXN1XBL.html,21bc4c822d2ef6d98395c1d1a2627c904b0f4707cdeb5065e7821dc7834c56a4,1,1,1,1,0,0,0,0,5,0
review/B0DT58PFRG.html,dc582701b1c8213691264097864607f6c94060fb8c942f6d24d8223e89d4e53e,1,1,1,1,0,0,0,0,5,0
review/B0DT71MR38.html,4370dc38774c59609d5bd35c00dacaf250a4b98397ee6354684430bd16be6f12,1,1,1,1,0,0,0,0,5,0
review/B0DV5LPB2P.html,743fcc9d8beaa24e18c2cda38d47cab465844e0a9127f622866c25cc2ea1f09d,1,1,1,1,0,0,0,0,5,0
review/B0DVJ5RZ2N.html,6f0106cb99493f3e1eb8b77227ed41245e4d92880a49a6138b4f8cd723096004,1,1,1,1,0,0,0,0,5,0
review/B0DWQK1Q8S.html,dba1c2415f554e41e45e039d093503a0b9b21f2ecd6240fed443c436b0b94c33,1,1,1,1,0,0,0,0,5,0
review/B0DWQNS8TN.html,974fca1d340f6c602cbbc789347c9047aefead564d0280b6175ad5db2cb74b7b,1,1,1,1,0,0,0,0,5,0
review/B0DY1F5XGQ.html,6e112574827f6cad6b78c405dc3e0e2fadd6a02984ee19b0699c1976343c9da8,1,1,1,1,0,0,0,0,5,0
review/B0DYL44KXR.html,a165c69632736fddd44c666f8785a6547830352d9bfe20924d782e0ae0172aa0,1,1,1,1,0,0,0,0,5,0
review/B0DZ5ZK225.html,b1026f4ae1f97fdbbda43d3e6983e03ee13525f45a57e967f73dbdd3dbd2c9c7,1,1,1,1,0,0,0,0,5,0
review/B0DZ9WD8HB.html,777a2a8edd5b3f6798aac17f9a9ec8ea790579ae0f03c58e47a0ed82c1d174c3,1,1,1,1,0,0,0,0,5,0
review/B0DZXW5XJ3.html,285c1c0d339c47e1f6799982af1ead0afb8bba39598fc3b35208da3c8fbd0630,1,1,1,1,0,0,0,0,5,0
review/B0F191HYH2.html,061d4bc20095a04babaf04d14837aa7c788f5dbd3a22cff127667b3330d73ea4,1,1,1,1,0,0,0,0,5,0
review/B0F19351JW.html,30b701f3295c4d99d2b7c3512f84a20e7a92f8fc3a44af3bee0b6fd5770f368c,1,1,1,1,0,0,0,0,5,0
review/B0F1C49115.html,05e734dc801496837447870a30f02da526ffcbb50a92f1370b5238424c17fa92,1,1,1,1,0,0,0,0,5,0
review/B0F1DBX48S.html,e839bd6a253e151ae44a58e8b9ff794b1d16f8f6590813e68d1b70422f7db615,1,1,1,1,0,0,0,0,5,0
review/B0F1RB87RR.html,03f215d022d634d36ab05a3ee0f55e595bf9b5d763b74e73dd1934003b4287a9,1,1,1,1,0,0,0,0,5,0
review/B0F2162TJW.html,6d45c756cd0e13f5b9d522ba9d5b11d30c289ad2dfe11ef4416232e52ef5db24,1,1,1,1,0,0,0,0,5,0
review/B0F2FNZYBR.html,6b33d95c035db9064b6325eb76a0fef68eb43de31432c5995b7d4faa1439aa49,1,1,1,1,0,0,0,0,5,0
review/B0F2JBVHXX.html,21754ba23030408c831d2de2a0c55f7bb2679812073b4efba94263735b0951bb,1,1,1,1,0,0,0,0,5,0
review/B0F2KBZ7WQ.html,2fc8038074e7e6a587646979b0797f39e4cc4ba6b1479c1b104f002454f54def,1,1,1,1,0,0,0,0,5,0
review/B0F2PHXBDQ.html,939bea88d2a645aeb03f3e64637b2aea8c1b832acf03103f981d63ad1071d714,1,1,1,1,0,0,0,0,5,0
review/B0F344G7S3.html,57236d9996484d71543d7cef0361688e7db05996a70bdd0b02d8c01f13ea9123,1,1,1,1,0,0,0,0,5,0
review/B0F34F1K5R.html,479ffdff54fff61feac8c58cf1a227f14e6320da755223b408ef342f33366ae9,1,1,1,1,0,0,0,0,5,0
review/B0F3ND1QBB.html,c6d17ef5ffd771a7e89cf63ec68697180ecc4465dd02eed135dc6f7aab22d099,1,1,1,1,0,0,0,0,5,0
review/B0F43XMQYD.html,5b1e1ba78f8ad0d5ec487de46745e8f6c54f8a6fe57e4fa6f605b093c869383f,1,1,1,1,0,0,0,0,5,0
review/B0F489G115.html,dc752586791220f684ffa811cec2888d2d7f4852e0f628c494a82ef4ce5f9f10,1,1,1,1,0,0,0,0,5,0
review/B0F48C2K2M.html,39b67967e1c4fab90fddb9772f915534adb98152d21e518f8a89fb6a391ca24a,1,1,1,1,0,0,0,0,5,0
review/B0F4NHW51D.html,4bbfbfdb4a74b7fdf5788a6dad5a65fa54c10a51f1b83bf326b892b4fd09ecc1,1,1,1,1,0,0,0,0,5,0
review/B0F4Y12GGN.html,6a98a1c098426dc44ee12ddd91f7ce5ae25dc1ef97ab1d32a924fb0a6caa9ffe,1,1,1,1,0,0,0,0,5,0
review/B0F5HMZGXZ.html,6814e21577d01e4a7354957b67caaf2a6e9b5c3a06262fc832a256705b30649a,1,1,1,1,0,0,0,0,5,0
review/B0F5HYD1FD.html,68ae29173071cc47311001d7609b8d7cda38d5b30e8739090024e0d66b86fce6,1,1,1,1,0,0,0,0,5,0
review/B0F5HYKP6J.html,e3b4c9d91df4bd44b9f9fe8158364cc816c7890a08b56bf53850a58b0aacdbbd,1,1,1,1,0,0,0,0,5,0
review/B0F5HYSVS1.html,db193e22735ce5b0c48b96d5b48a1be8ac7bac7f230333b3066a8aadfc53309e,1,1,1,1,0,0,0,0,5,0
review/B0F65ZBSXY.html,ee2cd6a72093ce904f60a28598ab9609771172699e149bbda3ec6d600def36ed,1,1,1,1,0,0,0,0,5,0
review/B0F663CWT8.html,335d7a7faf4ca4511e477cb7b329a4cc21195b82f4f5949cf3a31089ebfbc368,1,1,1,1,0,0,0,0,5,0
review/B0F68W8CPQ.html,ecaa6b255177177016e336657ffcd7602b9d5a06fa99017b9e875398c1225bbe,1,1,1,1,0,0,0,0,5,0
review/B0F6N3S4LS.html,6eb5df5561440c1125a25636fda586646f210dfba07c9eaf66bbcdda22afe2c9,1,1,1,1,0,0,0,0,5,0
review/B0F7HTR8DQ.html,30a3902387ec75b9e254f42aca7fa536825e8959c944a680594942377de518a0,1,1,1,1,0,0,0,0,5,0
review/B0F7HZ9QSZ.html,b9a13f7db3d157818abb806e419d39694c6f524fdff64bf16d65fdc815ef73c3,1,1,1,1,0,0,0,0,5,0
review/B0F81WGSYP.html,41234aec2dd4c067db811de7db5669141d5ce009ae402e4ff51fa2d3af6b5b63,1,1,1,1,0,0,0,0,5,0
review/B0F8H4RWB8.html,d20a1caa10e096acce5ac58888004125c76155a0a2ff3f1581bd480af95227fb,1,1,1,1,0,0,0,0,5,0
review/B0F8P9RD4S.html,5df10a131cd31212d9b822cd53afbe1752613a1cd95c4b333a6f6fcd69899f0d,1,1,1,1,0,0,0,0,5,0
review/B0F8T73MZP.html,17122abe5029b2fdd54dc81dd6d057ede30acc7183c9bee3def20b1cb031c0ca,1,1,1,1,0,0,0,0,5,0
review/B0F9N9D1T6.html,c6b974e095b2fdcac3a68195cedf4f5a5eed19bd29fc263c2a8cff139ea8b419,1,1,1,1,0,0,0,0,5,0
review/B0F9P1BBLD.html,2fbebaeb392e662a6259f3bbbafcc88b7c046ac0ba2dc420483e4b0c139fc4c3,1,1,1,1,0,0,0,0,5,0
review/B0FBRZ1ZPB.html,95dd26540270591613a27ef055f5511be9df2ca2d49e2dfdd474ec9c69078b3a,1,1,1,1,0,0,0,0,5,0
review/B0FC2NJP8P.html,5d8943e29c53a259d32ce9bb352422ef6ad8d9e2946ab2077dd0bfbcdbd44c9e,1,1,1,1,0,0,0,0,5,0
review/B0FCW79ZM3.html,a6d93c2d401af165364d341fa3337a6bcded8726d8b9a4a875dc1aa24e5b0c53,1,1,1,1,0,0,0,0,5,0
review/B0FDCS9RT8.html,287307b68f9084a493b4102600720dfddc2ec24a0f0fc301d36354daba83e2f0,1,1,1,1,0,0,0,0,5,0
review/B0FDKS7TLG.html,315e0898b76dab4bbd9bc660ab50b9170a9961c87f33e26e0e344031c2fdebc0,1,1,1,1,0,0,0,0,5,0
review/B0FDLX4F6T.html,988f4e3dedb41575df091a71903e882bc60e707588195b81d2ae82750f4b5821,1,1,1,1,0,0,0,0,5,0
review/B0FDS9MNDZ.html,73229589514ff912a3d16e2133c8d982ced07da58b953e623b35eea75cdabb0a,1,1,1,1,0,0,0,0,5,0
review/B0FDSKYHDX.html,6c04732e05e671d37dad9f60e0ec444bed5cf8b3d758dbcd5e2dfe2f578d768a,1,1,1,1,0,0,0,0,5,0
review/B0FFJNW9TL.html,c166a0f343379b7dea3fdf3058ffaa59dcd1e07607c73262e88aa8422629d6db,1,1,1,1,0,0,0,0,5,0
review/B0FFTFYGLV.html,82a73179470699fe6701ca62305e43111e58bbe4db8e9b3873f6a543e5dd80ff,1,1,1,1,0,0,0,0,5,0
review/B0FG5XLWNV.html,4a8067704d45cf0e9f0e3f10ebd0fce0a4fffada3d3fe1411ffd155c51f704d6,1,1,1,1,0,0,0,0,5,0
review/B0FGDK8DJM.html,f4bb6b499dbdb0a61175b03c688c1c7a93f2451e6884c0b2290d5f0a6662e6dc,1,1,1,1,0,0,0,0,5,0
review/B0FGY7RK2L.html,c8b73c52bd21ff8c4fa1210a9a4c492843ba0d1117e09abc19578912f70c1354,1,1,1,1,0,0,0,0,5,0
review/B0FH38NMLP.html,91837da154c75b7155f90954f2e5a4243997b9fe33f2377485b1a59e9b3fe43b,1,1,1,1,0,0,0,0,5,0
review/B0FH5NMXHK.html,3b18941197f8dbe47deb612a67320a78b2304bad6648627997be2aeee087009b,1,1,1,1,0,0,0,0,5,0
review/B0FH5P4G46.html,4655f26bafb54986f6163aacb3f27442f4496e975243cb83ef9d8ef3bd1b011d,1,1,1,1,0,0,0,0,5,0
review/B0FHXSL5M8.html,a6b44be4f44b03814031c3caa19e21285ecf7ee8a75920ce37f6ce482becdcdb,1,1,1,1,0,0,0,0,5,0
review/B0FLL354M2.html,fb4e20bccd141ba06874b037a42bb15327af32351c389248669f7074fffd5a94,1,1,1,1,0,0,0,0,5,0
review/B0FLLG567H.html,81cc46ef454b93567338de9d192077c5ff057aacc70554b2670f84e43e2cfb47,1,1,1,1,0,0,0,0,5,0
review/B0FLZ2T78C.html,3a5c550791cf282c9d8ce55b2ec4cfa3cc6abc5bf84ece067317dca7fcc48cb3,1,1,1,1,0,0,0,0,5,0
review/B0FM7N4JK1.html,e611d8e6e472f466f14c61ef3c20d26ed0c4e0267156e7edaf83dbee08e1f0b4,1,1,1,1,0,0,0,0,5,0
review/B0FML8TQRS.html,8e03ed8fbd2c3c86ea2bf9189699232502c68fcb64515b3232d27fce9d24af2c,1,1,1,1,0,0,0,0,5,0
review/B0FML8XKTZ.html,ef5e0576b4f2790b363e83704c99857ab15c148493843f5c738251c15c1e6a7e,1,1,1,1,0,0,0,0,5,0
review/B0FMLCQZM8.html,5daae0c3b9d8808facf662629599644fcbe978c8f9e4997f84e967d3d2d7a353,1,1,1,1,0,0,0,0,5,0
review/B0FMYR9C72.html,5ef34011581084d27422b26f80c690c3a8cd8639e0e5d70784b4276592ed7bc4,1,1,1,1,0,0,0,0,5,0
review/B0FN5XGH54.html,716f922ace57c1e82d0ab1e180ed79ba1dbe49c4ab314206892414ad643b50ad,1,1,1,1,0,0,0,0,5,0
review/B0FNB29KTD.html,328d163df10d2529d6a1dcc1fbb47f84f68e8f63ef6586fd3e353c91e5cfb240,1,1,1,1,0,0,0,0,5,0
review/B0FNC6CC2N.html,5162b3406312185e036b15ef531f962f027aeedc4cd10c926ee8d548ef6a616b,1,1,1,1,0,0,0,0,5,0
review/B0FPMXPK34.html,beb90a3df5bef226c53310a246eedead240d327d0e580639d645a00082cca5a4,1,1,1,1,0,0,0,0,5,0
review/B0FQ6J4FSX.html,454ce97a319f75cb3bdb05227a2ec6a54decb1ad4a653f67fad8227c257e4c0a,1,1,1,1,0,0,0,0,5,0
review/B0FQY8RGQ6.html,1fef86445500b20bc1ce1c101170298ff3a12dbe57380fd0fc113b7d5e4d7b33,1,1,1,1,0,0,0,0,5,0
review/B0FR6N4WWH.html,b2dd9831599e30a0721efab83fc18591fedd726566f92c19775a5ad94fcf3cf5,1,1,1,1,0,0,0,0,5,0
review/B0FR9BVJSL.html,bbb76bad26a34a2672dcd02f7b8e79dcee7d2f124dd922b861d1fb45a581d591,1,1,1,1,0,0,0,0,5,0
review/B0FRGJQFGG.html,5725898e3ef2fa097321870bb8f3328d5885f4128f7b8bcdb6b29689f4e0cbb6,1,1,1,1,0,0,0,0,5,0
review/B0FRGPS953.html,513f17faff9211092bcc8cfbd6197b5248f8000cf29be3729393014b35d918dc,1,1,1,1,0,0,0,0,5,0
review/B0FS7RH2DB.html,bf26665265712f05983b069546a0b4fba301a565ddd39a0ec1a688a570481586,1,1,1,1,0,0,0,0,5,0
review/B0FS7WG7RV.html,0f11b845576a1a0fd472ff344b3febffbece702408eba44ea1104b38bfb3567f,1,1,1,1,0,0,0,0,5,0
review/B0FS8WQVJZ.html,aeb5ed2e5d76952afe6c8ade774d49a8b3e7947b09b70533bd5a3b5934ecb1eb,1,1,1,1,0,0,0,0,5,0
review/B0FTZZ4GZ2.html,38d8b41ac4e0ad28f1edff774b8379b8521abc371cfc18b9769e869bafcfb352,1,1,1,1,0,0,0,0,5,0
review/B0FV3PPLCS.html,2abc584e3091294bb1a59283500650614e9b6415f7fca269467e023d78380081,1,1,1,1,0,0,0,0,5,0
review/B0FVWQVVM6.html,df3f368838aadc2325aca79806c0f089e228522e99ac2d987571b21e19b73532,1,1,1,1,0,0,0,0,5,0
review/B0FY5YJLR4.html,d1f1661ad290049e629859d275640acf6e75feeaf881690f030ad2f938331bd9,1,1,1,1,0,0,0,0,5,0
review/B0G1C6QJCJ.html,b16e0b398e4575bedd36fc661613ced381faaa3e023b76be76f798ef6d995260,1,1,1,1,0,0,0,0,5,0
review/B0G1CPG1KT.html,1ea2747b438463a4357f07dce6c7692b2e07866217a408a05f1fe24759c1f45e,1,1,1,1,0,0,0,0,5,0
review/B0G1M874PM.html,74b19d4d51f8cf23c45d538c99fadfca90f5945f88938e052f9564bf6cd0fe4b,1,1,1,1,0,0,0,0,5,0
review/B0G1M9DLTW.html,b0de2a9fd58b94d3cde7ca074a88e119856ec043c3613573f15e8a27a9e8f0c6,1,1,1,1,0,0,0,0,5,0
review/B0G1M9FQFS.html,4363e0c0ab7b1649499ebf37b8cd59c3f6265bfb4f22d2a5b5bdaa0c6752bb66,1,1,1,1,0,0,0,0,5,0
review/B0G1M9VY9K.html,425e3aa93e7e037286199a4c243011e3878c566d1201d90d73b47fae134b2680,1,1,1,1,0,0,0,0,5,0
review/B0G1MCRZ9W.html,901a2f0c3b499b3af7dee32907354be603986d153b81333f8e54c0b3ac9bc08c,1,1,1,1,0,0,0,0,5,0
review/B0G1MCVZJF.html,ac8f9f98f0ec279a0894c3c660f9aac0e2fa365aad279a5afc5da7989e46703b,1,1,1,1,0,0,0,0,5,0
review/B0G4S3GZ5N.html,2bd68f4a8dfb0c2c40e3781e37d0781b10e45c9ecad717df4b873996b889c49c,1,1,1,1,0,0,0,0,5,0
review/B0G5MVPYS6.html,64eb160f1facb2614532e5cdd519e37b4516f711c3e5768da70b44797606b469,1,1,1,1,0,0,0,0,5,0
review/B0G5RDXV7N.html,eac56b863696f28c3ac6da0e28eabfbe1dc4f61f7c3d5083a3bb399329ce3c6f,1,1,1,1,0,0,0,0,5,0
review/B0GC5VT929.html,c5794c95909533d29c7e3032d2e81e4c92ffaac5a0e646fd632726651ba6fc48,1,1,1,1,0,0,0,0,5,0
review/B0GGLJCJQM.html,4fe59ac130c1540a661c3682476964c78b095c82fb7e9ef9cd86993b807b1318,1,1,1,1,0,0,0,0,5,0
setup-games/index.html,5a8f76e516c5e75456828f0b8367e445ab0c0f0e9db22b33d2c772a060c5a9d6,0,0,0,0,0,0,0,0,0,0
sobre.html,0c353b156db8b3b8f7538c89c64d77a8fb28476c812412ee96b35b236d59a6ed,0,0,0,0,0,0,0,0,0,0
termos-de-uso.html,11e7135224dee96b4c57acf5093a83e9515255c9e30d7a7c22db2a54cc7c15a1,0,0,0,0,0,0,0,0,0,0
trabalho-estudo/index.html,6bad48b414d891f975590ea18d16845f1e243c8fccdaa01ee61b3df53d8daf2e,0,0,0,0,0,0,0,0,0,0
transparencia.html,d6aabb905b1dcc26b084fbe7865025a673c86a5f4edad042f442f666408f1300,0,0,0,0,0,0,0,0,0,0
